workbook,family_code,sheet_name,sheet_state,sheet_index,xml_path,dimension_reference,formula_count,formula_samples,merged_range_count,merged_range_samples,validation_count,validation_samples,table_relationship_count
Dean Data Sheet Rev 2.xlsm,DEAN,Data Sheet,visible,1,xl/worksheets/sheet1.xml,B1:Z113,8,"[""IFERROR(VLOOKUP(H14,'Config Info'!FA5:FH104,2,FALSE),\""-\"")"", ""IF(H14=\""N/A\"",\""N/A\"",IFERROR(VLOOKUP($H$14,'Config Info'!$FA$6:$FC$104,3),\""-\""))"", ""IFERROR(VLOOKUP(H19,'Config Info'!FK5:FN22,2,FALSE),\""-\"")"", ""IF(H19=\""N/A\"", \""N/A\"", IFERROR(VLOOKUP(H19,'Config Info'!FK6:FM22,3),\""-\""))"", ""IF(OR(D14=\""\"",D15=\""\""),\""Select a pump series and size…\"",_xlfn.CONCAT(TEXT(INDEX(_xlfn.ANCHORARRAY(Logic!BE2),1),\""0.000\"")&\""-\"",TEXT(INDEX(_xlfn.ANCHORARRAY(Logic!BE2),ROWS(_xlfn.ANCHORARRAY(Logic!BE2))-1),\""0.000\"")))"", ""VLOOKUP(D52,'Seal Descriptions'!B3:D29,3,FALSE)"", ""IF(ISNUMBER(SEARCH(\""Type 9\"",D52)),\""Inboard Hardware / Elastomers\"", \""Inboard Seal Elastomers\"")"", ""IF(ISNUMBER(SEARCH(\""Type 9\"",D52)),\""Outboard Hardware / Elastomers\"", \""Outboard Seal Elastomers\"")""]",86,"[""I14:I18"", ""I19:I23"", ""I29:I30"", ""C48:D48"", ""G25:H25"", ""G27:H27"", ""G26:H26"", ""G24:H24"", ""G16:H18"", ""G20:H20"", ""C45:D45"", ""G64:H64"", ""G65:H65"", ""F56:H56"", ""F46:H46"", ""G47:H47"", ""G48:H48"", ""G49:H49"", ""G50:H50"", ""G51:H51""]",1,"[""{\""type\"":null,\""sqref\"":\""G43:H43 G42:H42 G41:H41 G24:H24\"",\""operator\"":null,\""allowBlank\"":\""1\""}""]",0
Dean Data Sheet Rev 2.xlsm,DEAN,Formal Quote,visible,2,xl/worksheets/sheet2.xml,B1:S98,108,"[""TODAY()"", ""IF('Data Sheet'!D9=\""\"",\""Not Provided\"",'Data Sheet'!D9)"", ""IF('Data Sheet'!G9=\""\"",\""Not Provided\"",'Data Sheet'!G9)"", ""IF('Data Sheet'!G10=\""\"",\""Not Provided\"",'Data Sheet'!G10)"", ""IF('Data Sheet'!D11=\""\"",\""Not Provided\"",'Data Sheet'!D11)"", ""('Data Sheet'!D8)"", ""'Data Sheet'!D14"", ""_xlfn.CHOOSECOLS(_xlfn.TEXTSPLIT(C21,\""x\""),1)&\""\""\""\"""", ""G20*(1-H20)"", ""F20*I20"", ""_xlfn._xlws.FILTER(_xlfn.CHOOSECOLS(Table84[],MATCH(C22,Table84[#Headers],0)),(Table84[Series]=C20)*(Table84[Size]=C21),\""NO DATA\"")"", ""'Data Sheet'!D15"", ""_xlfn.CHOOSECOLS(_xlfn.TEXTSPLIT(C21,\""x\""),2)&\""\""\""\"""", """", ""('Data Sheet'!D16)"", ""'Data Sheet'!D21"", """", ""('Data Sheet'!D36)"", ""'Data Sheet'!D31"", """"]",120,"[""J32:J33"", ""H15:J15"", ""C36:E36"", ""C37:E37"", ""B18:B19"", ""C18:C19"", ""D18:D19"", ""E18:E19"", ""C24:E24"", ""C31:E31"", ""C30:E30"", ""C32:E32"", ""C33:E33"", ""I20:I23"", ""J20:J23"", ""F18:F19"", ""J18:J19"", ""B15:C15"", ""E15:G15"", ""F20:F23""]",0,[],0
Dean Data Sheet Rev 2.xlsm,DEAN,Smart Number,visible,3,xl/worksheets/sheet3.xml,B4:AK43,94,"[""\""D\""&C12&\""-\""&D12&\""-\""&H12&I12&\""-\""&K12&\""-\""&O12&\""-\""&Q12&S12&U12&\""-\""&W12&X12&\""-\""&Z12&AB12&\""-\""&AD12"", ""LEN(B5)"", ""\""-\""&AH12&AJ12"", ""IFERROR(\""PUMP, \""&B13&\"", \""&VLOOKUP(C13,A_Table[],2,FALSE)&\"", \""&VLOOKUP(C13,A_Table[],3,FALSE)&\"", \""&H13&\"" TRIM, \"",\""INVALID CONFIGURATION\"")"", ""RIGHT(C13,LEN(C13)-1)"", ""IF(COUNTIFS(F13:G25,\""Custom\"")>0,\""____\"",_xlfn._xlws.FILTER(Table100[Base-36 Code],(Table100[Pump Material Class]=F13)*(Table100[Casing Material]=F14)*(Table100[Flange Style]=F15)*(Table100[Casing Taps]=F16)*(Table100[Drain Options]=F17)*(Table100[Casing Mount]=F18)*(Table100[Casing Gasket]=F19)*(Table100[Shipping Gasket]=F20)*(Table100[Casing Wear Ring]=F21)*(Table100[Tack weld wear rings]=F22)*(Table100[Seal Chamber Config]=F23)*(Table100[Spot-Facing]=F24),\""ERR\""))"", ""IFERROR(VLOOKUP(LEFT(H13,FIND(\"".\"",H13)-1)&\""\""\""\"",B31:C43,2,FALSE)&VLOOKUP(RIGHT(H13,LEN(H13)-FIND(\"".\"",H13)+1),E34:F41,2,FALSE),\""ERR\"")"", ""IF(COUNTIFS(J13:J16,\""Custom\"")>0,\""__\"",_xlfn._xlws.FILTER(Table106[Base-36 Code],(Table106[Impeller Balance]=J13)*(Table106[Impeller Material]=J14)*(Table106[Imp. Wear Ring Material]=J15)*(Table106[Balance Holes]=J16),\""ERR\""))"", ""_xlfn._xlws.FILTER(Table101[Base-36 Code],(Table101[Shaft Configuration]=M13)*(Table101[Shaft Material]=M14)*(Table101[Lubrication Options]=M15)*(Table101[Oiler Options]=M16)*(Table101[Oil Seal]=M17)*(Table101[Sight Glass]=M18)*(Table101[Magnetic Drain]=M19)*(Table101[Expansion Chamber]=M20)*(Table101[Bearing Frame Cooling]=M21)*(Table101[Coupling Guard]=M22)*(Table101[Coupling Type]=M23),\""ERR\"")"", ""IF('Data Sheet'!D49<>\""Included\"",\""00000\"",\""TBD__\"")"", ""_xlfn.CHOOSEROWS(_xlfn._xlws.FILTER('Config Info'!FH5:FH104, IF((R13<>\""Plan 21\"")*(R13<>\""Plan 22\"")*(R13<>\""Plan 23\""),'Config Info'!FA5:FA104='Smart Number'!R14, ('Config Info'!FA5:FA104='Smart Number'!R14)*('Config Info'!FG5:FG104>=--_xlfn.TEXTJOIN(\""\"", TRUE, IFERROR(MID('Data Sheet'!D11, _xlfn.SEQUENCE(LEN('Data Sheet'!D11)), 1) * 1, \""\"")))),\""ERR\""),1)"", ""IFERROR(VLOOKUP(T14,Table76[Code]:Table76[Base-36 Code],4,FALSE),\""ERR\"")"", ""_xlfn._xlws.FILTER(Table104[Base-36 Code],(Table104[Cooling Plan]=V13)*(Table104[Cooling Plan Piping]=V14)*(Table104[Cooling Plan Extras]=V15),\""ERR\"")"", ""IF((Y13<>\""NONE\"")+(M23<>\""NONE\"")+(W13<>0), IFERROR(_xlfn.BASE(MATCH(W13,Table2486[Motor Frame Size],0),36,2),\""ERR\""), \""00\"")"", ""IF(Y13<>\""NONE\"",_xlfn._xlws.FILTER(Table124[Base-36 Code],(Table124[Baseplate Type]=Y13)*(Table124[Drip Pan]=Y14)*(Table124[Alignment Lugs]=Y15)*(Table124[Lifting Lugs]=Y16)*(Table124[Levelling Screws]=Y17)*(Table124[Grounding Lug]=Y18)*(Table124[Grout Hole]=Y19)*(Table124[Isolation Pads]=Y20)*(Table124[Stilts]=Y21),\""ERR\""),\""000\"")"", ""IF(AA13<>\""Included\"", \""0000\"", _xlfn._xlws.FILTER(Table110[Base-36 Code], (Table110[Motor]=AA13)*(Table110[Motor Control]=AA14)*(Table110[Rated Power]=AA15)*(Table110[Rated Speed]=AA16)*(Table110[Voltage]=AA17)*(Table110[Phase/Frequency]=AA18)*(Table110[Enclosure]=AA19)*(Table110[Efficiency]=AA20)*(Table110[Brand]=AA22),\""ERR\""))"", ""_xlfn._xlws.FILTER(Table105[Base-36 Code],(Table105[Shipping Gasket]=AE13)*(Table105[Auxillary Nameplate]=AE14)*(Table105[Crating]=AE15)*(Table105[Paint Options]=AE16)*(Table105[Coating]=AE17),\""ERR\"")"", ""_xlfn._xlws.FILTER(Table108[Base-36 Code],(Table108[Performance Testing]=AI13)*(Table108[Hydrotest]=AI14)*(Table108[Vibration]=AI15)*(Table108[Sound Level]=AI16)*(Table108[General Inspection]=AI17),\""ERR\"")"", ""_xlfn._xlws.FILTER(DocumentationNumbering[Base-36 Code],(DocumentationNumbering[Document 1]=AK13)*(DocumentationNumbering[Document 2]=AK14)*(DocumentationNumbering[Document 3]=AK15)*(DocumentationNumbering[Document 4]=AK16),\""ERR\"")"", ""_xlfn._xlws.FILTER(A_Table[A'#],(A_Table[Series]='Data Sheet'!D14)*(A_Table[Size]='Data Sheet'!D15),\""0000\"")""]",74,"[""D19:E19"", ""F19:G19"", ""F20:G20"", ""K14:L14"", ""M14:N14"", ""K18:L18"", ""K19:L19"", ""K20:L20"", ""D14:E14"", ""D15:E15"", ""D16:E16"", ""D18:E18"", ""K15:L15"", ""AJ12:AK12"", ""AJ11:AK11"", ""AB11:AC11"", ""B10:P10"", ""Q11:R11"", ""Q12:R12"", ""S11:T11""]",0,[],0
Dean Data Sheet Rev 2.xlsm,DEAN,Wet End Numbering,hidden,4,xl/worksheets/sheet4.xml,B2:AO146460,101983,"[""Table88[Pump Material]"", ""Table6[Casing Material]"", ""Table10[Flange Style]"", ""Table91[Casing Taps]"", ""SUBSTITUTE(ADDRESS(1,CELL(\""col\"",INDEX(PumpMaterial_Table,1,1)),4),\""1\"",\""\"")"", ""SUBSTITUTE(ADDRESS(1,CELL(\""col\"",INDEX(CasingMaterial_Table,1,1)),4),\""1\"",\""\"")"", ""SUBSTITUTE(ADDRESS(1,CELL(\""col\"",INDEX(FlangeConfig_Table,1,1)),4),\""1\"",\""\"")"", ""SUBSTITUTE(ADDRESS(1,CELL(\""col\"",INDEX(CasingTaps_Table,1,1)),4),\""1\"",\""\"")"", ""SUBSTITUTE(ADDRESS(1,CELL(\""col\"",INDEX(CasingDrain_Table,1,1)),4),\""1\"",\""\"")"", ""SUBSTITUTE(ADDRESS(1,CELL(\""col\"",INDEX(CasingMounting_Table,1,1)),4),\""1\"",\""\"")"", ""SUBSTITUTE(ADDRESS(1,CELL(\""col\"",INDEX(CasingGasket_Table,1,1)),4),\""1\"",\""\"")"", ""SUBSTITUTE(ADDRESS(1,CELL(\""col\"",INDEX(ShippingGasket_Table,1,1)),4),\""1\"",\""\"")"", ""SUBSTITUTE(ADDRESS(1,CELL(\""col\"",INDEX(CasingRings_Table,1,1)),4),\""1\"",\""\"")"", ""SUBSTITUTE(ADDRESS(1,CELL(\""col\"",INDEX(TackWeldRings_Table,1,1)),4),\""1\"",\""\"")"", ""SUBSTITUTE(ADDRESS(1,CELL(\""col\"",INDEX(SealChamberConfig_Table,1,1)),4),\""1\"",\""\"")"", ""SUBSTITUTE(ADDRESS(1,CELL(\""col\"",INDEX(SpotFacing_Table,1,1)),4),\""1\"",\""\"")"", ""SUBSTITUTE(ADDRESS(1,CELL(\""col\"",INDEX(ImpellerMaterial_Table,1,1)),4),\""1\"",\""\"")"", ""SUBSTITUTE(ADDRESS(1,CELL(\""col\"",INDEX(ImpellerBalance_Table,1,1)),4),\""1\"",\""\"")"", ""SUBSTITUTE(ADDRESS(1,CELL(\""col\"",INDEX(ImpellerRing_Table,1,1)),4),\""1\"",\""\"")"", ""\"":\""&SUBSTITUTE(ADDRESS(1,CELL(\""col\"",INDEX(PumpMaterial_Table,1,COLUMNS(PumpMaterial_Table))),4),\""1\"",\""\"")""]",0,[],0,[],10
Dean Data Sheet Rev 2.xlsm,DEAN,Power End Numbering,hidden,5,xl/worksheets/sheet5.xml,B1:AA475,492,"[""Table27[#Headers]"", ""Table89[Shaft Configuration]"", ""Table46[Lubrication Options]"", ""Table47[Oiler Options]"", ""Table48[Oil Seal]"", ""Table50[Magnetic Drain]"", ""Table5052[Expansion Chamber]"", ""Table45[]"", ""Table28[Coupling Guard]"", ""Table27[]"", ""SUBSTITUTE(ADDRESS(1,CELL(\""col\"",INDEX(ShaftConfig_Table,1,1)),4),\""1\"",\""\"")"", ""SUBSTITUTE(ADDRESS(1,CELL(\""col\"",INDEX(ShaftMaterial_Table,1,1)),4),\""1\"",\""\"")"", ""SUBSTITUTE(ADDRESS(1,CELL(\""col\"",INDEX(Lubrication_Table,1,1)),4),\""1\"",\""\"")"", ""SUBSTITUTE(ADDRESS(1,CELL(\""col\"",INDEX(Oiler_Table,1,1)),4),\""1\"",\""\"")"", ""SUBSTITUTE(ADDRESS(1,CELL(\""col\"",INDEX(OilSeal_Table,1,1)),4),\""1\"",\""\"")"", ""SUBSTITUTE(ADDRESS(1,CELL(\""col\"",INDEX(SightGlass_Table,1,1)),4),\""1\"",\""\"")"", ""SUBSTITUTE(ADDRESS(1,CELL(\""col\"",INDEX(MagDrain_Table,1,1)),4),\""1\"",\""\"")"", ""SUBSTITUTE(ADDRESS(1,CELL(\""col\"",INDEX(ExpansionChamber_Table,1,1)),4),\""1\"",\""\"")"", ""SUBSTITUTE(ADDRESS(1,CELL(\""col\"",INDEX(Bearing_Frame_Cooling_Table,1,1)),4),\""1\"",\""\"")"", ""SUBSTITUTE(ADDRESS(1,CELL(\""col\"",INDEX(CouplingGuard_Table,1,1)),4),\""1\"",\""\"")""]",0,[],0,[],1
Dean Data Sheet Rev 2.xlsm,DEAN,Constraints,visible,6,xl/worksheets/sheet6.xml,B1:HN2892,36,"[""Table46[[#Headers],[Lubrication Options]]"", ""Table47[[#Headers],[Oiler Options]]"", ""Table48[[#Headers],[Oil Seal]]"", ""Table49[[#Headers],[Sight Glass]]"", ""Table50[[#Headers],[Magnetic Drain]]"", ""Table5052[[#Headers],[Expansion Chamber]]"", ""Table45[[#Headers],[Bearing Frame Cooling]]"", ""Table28[[#Headers],[Coupling Guard]]"", ""TRANSPOSE(Table87[Size])"", ""TRANSPOSE(Table88[Pump Material])"", ""TRANSPOSE(Table6[Casing Material])"", ""TRANSPOSE(Table7[Casing Drain])"", ""TRANSPOSE(Table91[Casing Taps])"", ""TRANSPOSE(Table9[Casing Gasket])"", ""TRANSPOSE(Table10[Flange Style])"", ""TRANSPOSE(Table12[Casing Wear Ring])"", ""TRANSPOSE(Table14[Casing Mounting])"", ""TRANSPOSE(Table16[Seal Chamber Config])"", ""TRANSPOSE(Table21[Cradle Material])"", ""TRANSPOSE(Table116[Impeller Balance])""]",29,"[""BR2:BY2"", ""DX2:EB2"", ""DU2:DV2"", ""CT2:CU2"", ""CW2:DB2"", ""CL2:CR2"", ""CG2:CJ2"", ""GJ2:GK2"", ""FS2:FV2"", ""FX2:GC2"", ""DK2:DS2"", ""EG2:EN2"", ""EP2:EU2"", ""HJ2:HM2"", ""EW2:EX2"", ""HE2:HH2"", ""AX2:BF2"", ""CA2:CE2"", ""GE2:GH2"", ""ED2:EE2""]",0,[],0
Dean Data Sheet Rev 2.xlsm,DEAN,Config Info,visible,7,xl/worksheets/sheet7.xml,B4:GA104,139,"[""_xlfn.BASE(ROW(Table75[[#This Row],[Flush Plan]])-5,36,2)"", ""_xlfn.BASE(ROW(Table76[[#This Row],[Barrier Plan]])-5,36,1)"", ""NA()"", ""_xlfn.BASE(ROW(Table75[[#This Row],[Flush Plan]])-5,36,2)"", ""NA()"", ""_xlfn.BASE(ROW(Table76[[#This Row],[Barrier Plan]])-5,36,1)"", ""NA()"", ""_xlfn.BASE(ROW(Table75[[#This Row],[Flush Plan]])-5,36,2)"", ""NA()"", ""_xlfn.BASE(ROW(Table76[[#This Row],[Barrier Plan]])-5,36,1)"", ""NA()"", ""_xlfn.BASE(ROW(Table75[[#This Row],[Flush Plan]])-5,36,2)"", ""NA()"", ""_xlfn.BASE(ROW(Table76[[#This Row],[Barrier Plan]])-5,36,1)"", ""NA()"", ""_xlfn.BASE(ROW(Table75[[#This Row],[Flush Plan]])-5,36,2)"", ""NA()"", ""_xlfn.BASE(ROW(Table76[[#This Row],[Barrier Plan]])-5,36,1)"", ""_xlfn.BASE(ROW(Table75[[#This Row],[Flush Plan]])-5,36,2)"", ""NA()""]",1,"[""EX25:EY25""]",0,[],84
Dean Data Sheet Rev 2.xlsm,DEAN,Logic,visible,8,xl/worksheets/sheet8.xml,B1:BR91,73,"[""IF(ISNUMBER(SEARCH(\""Type 9\"",S2)),\""Inboard Hardware / Elastomers\"", \""Inboard Seal Elastomers\"")"", ""_xlfn._xlws.FILTER(SeriesOptions,IF('Data Sheet'!D15<>\""\"",_xlfn.DROP(_xlfn.CHOOSECOLS(Size_Table,MATCH('Data Sheet'!D15,_xlfn.CHOOSEROWS(Size_Table,1),0)),1)<>0,TRUE),\""ERR\"")"", ""_xlfn.TOCOL(_xlfn._xlws.FILTER(_xlfn.CHOOSEROWS(Size_Table,1),IF('Data Sheet'!D14<>\""\"",_xlfn.CHOOSEROWS(Size_Table,MATCH('Data Sheet'!D14,SeriesOptions,0)+1)<>0,TRUE),\""\""))"", ""_xlfn.TOCOL(_xlfn._xlws.FILTER(_xlfn.CHOOSEROWS(PumpMaterial_Table,1),NOT(_xlfn.CHOOSEROWS(PumpMaterial_Table,MATCH('Data Sheet'!D14,SeriesOptions,0)+1)=0),\""\""))"", ""_xlfn.TOCOL(_xlfn._xlws.FILTER(_xlfn.CHOOSEROWS(ShaftConfig_Table,1),NOT(_xlfn.CHOOSEROWS(ShaftConfig_Table,MATCH('Data Sheet'!D14,SeriesOptions,0)+1)=0),\""\""))"", ""_xlfn.TOCOL(_xlfn._xlws.FILTER(_xlfn.CHOOSEROWS(ShaftMaterial_Table,1),NOT(_xlfn.CHOOSEROWS(ShaftMaterial_Table,MATCH('Data Sheet'!D14,SeriesOptions,0)+1)=0),\""\""))"", ""_xlfn.TOCOL(_xlfn._xlws.FILTER(_xlfn.CHOOSEROWS(CasingMaterial_Table,1),(NOT(_xlfn.CHOOSEROWS(CasingMaterial_Table,MATCH('Data Sheet'!D14,SeriesOptions,0)+1)=0))*(TRUE),\""\""))"", ""_xlfn.TOCOL(_xlfn._xlws.FILTER(_xlfn.CHOOSEROWS(CasingDrain_Table,1),NOT(_xlfn.CHOOSEROWS(CasingDrain_Table,MATCH('Data Sheet'!D14,SeriesOptions,0)+1)=0),\""\""))"", ""_xlfn.TOCOL(_xlfn._xlws.FILTER(_xlfn.CHOOSEROWS(CasingTaps_Table,1),NOT(_xlfn.CHOOSEROWS(CasingTaps_Table,MATCH('Data Sheet'!D14,SeriesOptions,0)+1)=0),\""\""))"", ""_xlfn.TOCOL(_xlfn._xlws.FILTER(_xlfn.CHOOSEROWS(CasingGasket_Table,1),NOT(_xlfn.CHOOSEROWS(CasingGasket_Table,MATCH('Data Sheet'!D14,SeriesOptions,0)+1)=0),\""\""))"", ""_xlfn.TOCOL(_xlfn._xlws.FILTER(_xlfn.CHOOSEROWS(FlangeConfig_Table,1),NOT(_xlfn.CHOOSEROWS(FlangeConfig_Table,MATCH('Data Sheet'!D14,SeriesOptions,0)+1)=0),\""\""))"", ""_xlfn.TOCOL(_xlfn._xlws.FILTER(_xlfn.CHOOSEROWS(CasingRings_Table,1),NOT(_xlfn.CHOOSEROWS(CasingRings_Table,MATCH('Data Sheet'!D14,SeriesOptions,0)+1)=0),\""\""))"", ""_xlfn.TOCOL(_xlfn._xlws.FILTER(_xlfn.CHOOSEROWS(CasingMounting_Table,1),NOT(_xlfn.CHOOSEROWS(CasingMounting_Table,MATCH('Data Sheet'!D14,SeriesOptions,0)+1)=0),\""\""))"", ""_xlfn.TOCOL(_xlfn._xlws.FILTER(_xlfn.CHOOSEROWS(SealChamberConfig_Table,1),NOT(_xlfn.CHOOSEROWS(SealChamberConfig_Table,MATCH('Data Sheet'!D14,SeriesOptions,0)+1)=0),\""\""))"", ""_xlfn.TOCOL(_xlfn._xlws.FILTER(_xlfn.CHOOSEROWS(ShippingGasket_Table,1),NOT(_xlfn.CHOOSEROWS(ShippingGasket_Table,MATCH('Data Sheet'!D14,SeriesOptions,0)+1)=0),\""\""))"", ""{\""Not Required\"";\""Required\""}"", ""_xlfn.TOCOL(_xlfn._xlws.FILTER(_xlfn.CHOOSEROWS(ImpellerBalance_Table,1),NOT(_xlfn.CHOOSEROWS(ImpellerBalance_Table,MATCH('Data Sheet'!D14,SeriesOptions,0)+1)=0),\""\""))"", ""_xlfn.TOCOL(_xlfn._xlws.FILTER(_xlfn.CHOOSEROWS(ImpellerMaterial_Table,1),(NOT(_xlfn.CHOOSEROWS(ImpellerMaterial_Table,MATCH('Data Sheet'!D14,SeriesOptions,0)+1)=0)),\""\""))"", ""_xlfn.TOCOL(_xlfn._xlws.FILTER(_xlfn.CHOOSEROWS(ImpellerRing_Table,1),NOT(_xlfn.CHOOSEROWS(ImpellerRing_Table,MATCH('Data Sheet'!D14,SeriesOptions,0)+1)=0),\""\""))"", ""_xlfn.TOCOL(_xlfn._xlws.FILTER(_xlfn.CHOOSEROWS(BaseplateType_Table,1),NOT(_xlfn.CHOOSEROWS(BaseplateType_Table,MATCH('Data Sheet'!D14,SeriesOptions,0)+1)=0),\""\""))""]",0,[],0,[],0
Dean Data Sheet Rev 2.xlsm,DEAN,Baseplate Numbering,hidden,9,xl/worksheets/sheet9.xml,B2:AH1552,3085,"[""Table29[Baseplate Type]"", ""Table31[Drip Pan]"", ""Table35[Alignment Lugs]"", ""Table33[Lifting Lugs]"", ""Table34[Levelling Screws]"", ""Table37[Grounding Lug]"", ""Table38[Grout Hole]"", ""Table42[Isolation Pads]"", ""Table41[Stilts]"", ""SUBSTITUTE(ADDRESS(1,CELL(\""col\"",INDEX(BaseplateType_Table,1,1)),4),\""1\"",\""\"")"", ""\"":\""&SUBSTITUTE(ADDRESS(1,CELL(\""col\"",INDEX(BaseplateType_Table,1,COLUMNS(BaseplateType_Table))),4),\""1\"",\""\"")"", ""_xlfn.BYROW(Table124[[#This Row],[Permutation]], _xlfn.LAMBDA(_xlpm.arr, ROW(_xlpm.arr)-16))"", ""_xlfn.BASE(Table124[[#This Row],[Permutation]],36,3)"", ""_xlfn.BYROW(Table124[[#This Row],[Permutation]], _xlfn.LAMBDA(_xlpm.arr, ROW(_xlpm.arr)-16))"", ""_xlfn.BASE(Table124[[#This Row],[Permutation]],36,3)"", ""_xlfn.BYROW(Table124[[#This Row],[Permutation]], _xlfn.LAMBDA(_xlpm.arr, ROW(_xlpm.arr)-16))"", ""_xlfn.BASE(Table124[[#This Row],[Permutation]],36,3)"", ""_xlfn.BYROW(Table124[[#This Row],[Permutation]], _xlfn.LAMBDA(_xlpm.arr, ROW(_xlpm.arr)-16))"", ""_xlfn.BASE(Table124[[#This Row],[Permutation]],36,3)"", ""_xlfn.BYROW(Table124[[#This Row],[Permutation]], _xlfn.LAMBDA(_xlpm.arr, ROW(_xlpm.arr)-16))""]",0,[],0,[],1
Dean Data Sheet Rev 2.xlsm,DEAN,Motor Numbering,hidden,10,xl/worksheets/sheet10.xml,B2:BB114100,21,"[""Table1885[[#Headers],[Motor]]"", ""Table83[[#Headers],[Motor Control]]"", ""Table2687[[#Headers],[Motor Voltage]]"", ""MotorEnclosure[[#Headers],[Motor Enclosure]]"", ""MotorEfficiency[[#Headers],[Motor Efficiency]]"", ""Table2888[[#Headers],[Motor Brand]]"", ""Table5491[[#Headers],[C-Face]]"", ""Table1885[Motor]"", ""Table83[Motor Control]"", ""Table2687[Motor Voltage]"", ""MotorEnclosure[Motor Enclosure]"", ""MotorEfficiency[Motor Efficiency]"", ""Table2888[Motor Brand]"", ""Table5491[C-Face]"", ""IF(COUNTA('Data Sheet'!G32:G38)=0,Table110[[Frame Size]:[Efficiency]],_xlfn._xlws.FILTER(Table110[[Frame Size]:[Efficiency]],(ISNUMBER(SEARCH('Data Sheet'!G36,Table110[Frame Size])))*IF('Data Sheet'!G33=\""\"",TRUE,(Table110[Rated Speed]='Data Sheet'!G33&\"" RPM\""))*IF('Data Sheet'!G32=\""\"",TRUE,(Table110[Rated Power]='Data Sheet'!G32))*IF('Data Sheet'!G34=\""\"",TRUE,(Table110[Voltage]='Data Sheet'!G34))*IF('Data Sheet'!G35=\""\"",TRUE,(Table110[Phase/Frequency]=IF(LEFT(RIGHT('Data Sheet'!G35,LEN('Data Sheet'!G35)-FIND(\""/\"",'Data Sheet'!G35)),1)=\""(\"",MID('Data Sheet'!G35,FIND(\""/\"",'Data Sheet'!G35)+2,5),RIGHT('Data Sheet'!G35,LEN('Data Sheet'!G35)-FIND(\""/\"",'Data Sheet'!G35)))))*IF('Data Sheet'!G37=\""\"",TRUE,(Table110[Enclosure]='Data Sheet'!G37))*IF('Data Sheet'!G38=\""\"",TRUE,(Table110[Efficiency]='Data Sheet'!G38)),\""Invalid Selections!\""))"", ""_xlfn.UNIQUE(_xlfn.TEXTSPLIT(_xlfn.TEXTJOIN(\"", \"", TRUE, _xlfn.UNIQUE(_xlfn.CHOOSECOLS(_xlfn.ANCHORARRAY(U21),1))), , \"", \""))"", ""LEFT(_xlfn.UNIQUE(_xlfn.CHOOSECOLS(_xlfn.ANCHORARRAY($U$21),2)),FIND(\"" \"",_xlfn.UNIQUE(_xlfn.CHOOSECOLS(_xlfn.ANCHORARRAY($U$21),2)))-1)"", ""_xlfn.UNIQUE(_xlfn.CHOOSECOLS(_xlfn.ANCHORARRAY($U$21),3))"", ""_xlfn.UNIQUE(_xlfn.CHOOSECOLS(_xlfn.ANCHORARRAY($U$21),4))"", ""IF(ISNUMBER(SEARCH(\""/\"",_xlfn.UNIQUE(_xlfn.CHOOSECOLS(_xlfn.ANCHORARRAY($U$21),5)))),\""3/(\""&_xlfn.UNIQUE(_xlfn.CHOOSECOLS(_xlfn.ANCHORARRAY($U$21),5))&\"")\"",\""3/\""&_xlfn.UNIQUE(_xlfn.CHOOSECOLS(_xlfn.ANCHORARRAY($U$21),5)))""]",2,"[""U20:AB20"", ""AD20:AI20""]",0,[],3
Dean Data Sheet Rev 2.xlsm,DEAN,User Selections,hidden,11,xl/worksheets/sheet11.xml,B2:CU100,285,"[""'Data Sheet'!$C14"", ""'Data Sheet'!$D14"", ""'Data Sheet'!$C15"", ""'Data Sheet'!$D15"", ""'Data Sheet'!$D14"", ""'Data Sheet'!$D15"", ""'Data Sheet'!$D16"", ""'Data Sheet'!$D17"", ""'Data Sheet'!$D18"", ""'Data Sheet'!$D19"", ""'Data Sheet'!$D20"", ""'Data Sheet'!$D21"", ""'Data Sheet'!$D22"", ""'Data Sheet'!$D23"", ""'Data Sheet'!$D24"", ""'Data Sheet'!$D25"", ""'Data Sheet'!$D26"", ""'Data Sheet'!$D27"", ""'Data Sheet'!$D28"", ""'Data Sheet'!$D30""]",0,[],0,[],2
Dean Data Sheet Rev 2.xlsm,DEAN,Test and Doc Numbering,hidden,12,xl/worksheets/sheet12.xml,B2:AE500016,15,"[""Table64[[#Headers],[Performance Testing]]"", ""Table65[[#Headers],[Hydrotest]]"", ""Table68[[#Headers],[General Inspection]]"", ""Table66[[#Headers],[Vibration]]"", ""Table67[[#Headers],[Sound Level]]"", ""Table64[Performance Testing]"", ""Table65[Hydrotest]"", ""Table68[General Inspection]"", ""Table66[Vibration]"", ""Table67[Sound Level]"", ""IF(COUNTA('Data Sheet'!G62:G65)=0,DocumentationNumbering[[Document 1]:[Document 4]],_xlfn._xlws.FILTER(DocumentationNumbering[[Document 1]:[Document 4]],(IF('Data Sheet'!G62=\""\"",TRUE,(DocumentationNumbering[Document 1]='Data Sheet'!G62)))*(IF('Data Sheet'!G63=\""\"",TRUE,(DocumentationNumbering[Document 2]='Data Sheet'!G63)))*(IF('Data Sheet'!G64=\""\"",TRUE,(DocumentationNumbering[Document 3]='Data Sheet'!G64)))*(IF('Data Sheet'!G65=\""\"",TRUE,(DocumentationNumbering[Document 4]='Data Sheet'!G65))),\""Invalid Selections!\""))"", ""_xlfn.UNIQUE(IF(ISNUMBER(SEARCH(\""MTR\"",_xlfn.CHOOSECOLS(_xlfn.ANCHORARRAY($W$16),1))),\""MTR\"",INDEX(_xlfn.CHOOSECOLS(_xlfn.ANCHORARRAY($W$16),1),ROW(_xlfn.ANCHORARRAY($W$16))-15)))"", ""_xlfn.UNIQUE(IF(ISNUMBER(SEARCH(\""MTR\"",_xlfn.CHOOSECOLS(_xlfn.ANCHORARRAY($W$16),2))),\""MTR\"",INDEX(_xlfn.CHOOSECOLS(_xlfn.ANCHORARRAY($W$16),2),ROW(_xlfn.ANCHORARRAY($W$16))-15)))"", ""_xlfn.UNIQUE(IF(ISNUMBER(SEARCH(\""MTR\"",_xlfn.CHOOSECOLS(_xlfn.ANCHORARRAY($W$16),3))),\""MTR\"",INDEX(_xlfn.CHOOSECOLS(_xlfn.ANCHORARRAY($W$16),3),ROW(_xlfn.ANCHORARRAY($W$16))-15)))"", ""_xlfn.UNIQUE(IF(ISNUMBER(SEARCH(\""MTR\"",_xlfn.CHOOSECOLS(_xlfn.ANCHORARRAY($W$16),4))),\""MTR\"",INDEX(_xlfn.CHOOSECOLS(_xlfn.ANCHORARRAY($W$16),4),ROW(_xlfn.ANCHORARRAY($W$16))-15)))""]",1,"[""C13:D13""]",0,[],3
Dean Data Sheet Rev 2.xlsm,DEAN,Motor Constraints,hidden,13,xl/worksheets/sheet13.xml,B2:X95,6,"[""TRANSPOSE(MotorRPM[Motor RPM])"", ""TRANSPOSE(MotorRPM[Motor RPM])&\"" RPM\"""", ""MotorHorsepower[Motor Horsepower]"", ""MotorHorsepower[Motor Horsepower]"", ""TRANSPOSE(MotorRPM[Motor RPM])&\"" RPM\"""", ""TRANSPOSE(MotorRPM[Motor RPM])&\"" RPM\""""]",4,"[""B2:J2"", ""O57:W57"", ""O26:W26"", ""O2:W2""]",0,[],0
Dean Data Sheet Rev 2.xlsm,DEAN,External References,hidden,14,xl/worksheets/sheet14.xml,A1:AK663757,167,"[""_xlfn.TEXTJOIN(\""-\"",TRUE,Table78[[#This Row],[Impeller Min Trim]]&\""\""\""\"",Table78[[#This Row],[Impeller Max Trim]]&\""\""\""\"")"", ""_xlfn.TEXTJOIN(\""-\"",TRUE,Table78[[#This Row],[Impeller Min Trim]]&\""\""\""\"",Table78[[#This Row],[Impeller Max Trim]]&\""\""\""\"")"", ""_xlfn.TEXTJOIN(\""-\"",TRUE,Table78[[#This Row],[Impeller Min Trim]]&\""\""\""\"",Table78[[#This Row],[Impeller Max Trim]]&\""\""\""\"")"", ""_xlfn.TEXTJOIN(\""-\"",TRUE,Table78[[#This Row],[Impeller Min Trim]]&\""\""\""\"",Table78[[#This Row],[Impeller Max Trim]]&\""\""\""\"")"", ""_xlfn.TEXTJOIN(\""-\"",TRUE,Table78[[#This Row],[Impeller Min Trim]]&\""\""\""\"",Table78[[#This Row],[Impeller Max Trim]]&\""\""\""\"")"", ""_xlfn.TEXTJOIN(\""-\"",TRUE,Table78[[#This Row],[Impeller Min Trim]]&\""\""\""\"",Table78[[#This Row],[Impeller Max Trim]]&\""\""\""\"")"", ""_xlfn.TEXTJOIN(\""-\"",TRUE,Table78[[#This Row],[Impeller Min Trim]]&\""\""\""\"",Table78[[#This Row],[Impeller Max Trim]]&\""\""\""\"")"", ""_xlfn.TEXTJOIN(\""-\"",TRUE,Table78[[#This Row],[Impeller Min Trim]]&\""\""\""\"",Table78[[#This Row],[Impeller Max Trim]]&\""\""\""\"")"", ""_xlfn.TEXTJOIN(\""-\"",TRUE,Table78[[#This Row],[Impeller Min Trim]]&\""\""\""\"",Table78[[#This Row],[Impeller Max Trim]]&\""\""\""\"")"", ""_xlfn.TEXTJOIN(\""-\"",TRUE,Table78[[#This Row],[Impeller Min Trim]]&\""\""\""\"",Table78[[#This Row],[Impeller Max Trim]]&\""\""\""\"")"", ""_xlfn.TEXTJOIN(\""-\"",TRUE,Table78[[#This Row],[Impeller Min Trim]]&\""\""\""\"",Table78[[#This Row],[Impeller Max Trim]]&\""\""\""\"")"", ""_xlfn.TEXTJOIN(\""-\"",TRUE,Table78[[#This Row],[Impeller Min Trim]]&\""\""\""\"",Table78[[#This Row],[Impeller Max Trim]]&\""\""\""\"")"", ""_xlfn.TEXTJOIN(\""-\"",TRUE,Table78[[#This Row],[Impeller Min Trim]]&\""\""\""\"",Table78[[#This Row],[Impeller Max Trim]]&\""\""\""\"")"", ""_xlfn.TEXTJOIN(\""-\"",TRUE,Table78[[#This Row],[Impeller Min Trim]]&\""\""\""\"",Table78[[#This Row],[Impeller Max Trim]]&\""\""\""\"")"", ""_xlfn.TEXTJOIN(\""-\"",TRUE,Table78[[#This Row],[Impeller Min Trim]]&\""\""\""\"",Table78[[#This Row],[Impeller Max Trim]]&\""\""\""\"")"", ""_xlfn.TEXTJOIN(\""-\"",TRUE,Table78[[#This Row],[Impeller Min Trim]]&\""\""\""\"",Table78[[#This Row],[Impeller Max Trim]]&\""\""\""\"")"", ""_xlfn.TEXTJOIN(\""-\"",TRUE,Table78[[#This Row],[Impeller Min Trim]]&\""\""\""\"",Table78[[#This Row],[Impeller Max Trim]]&\""\""\""\"")"", ""_xlfn.TEXTJOIN(\""-\"",TRUE,Table78[[#This Row],[Impeller Min Trim]]&\""\""\""\"",Table78[[#This Row],[Impeller Max Trim]]&\""\""\""\"")"", ""_xlfn.TEXTJOIN(\""-\"",TRUE,Table78[[#This Row],[Impeller Min Trim]]&\""\""\""\"",Table78[[#This Row],[Impeller Max Trim]]&\""\""\""\"")"", ""_xlfn.TEXTJOIN(\""-\"",TRUE,Table78[[#This Row],[Impeller Min Trim]]&\""\""\""\"",Table78[[#This Row],[Impeller Max Trim]]&\""\""\""\"")""]",0,[],0,[],5
Dean Data Sheet Rev 2.xlsm,DEAN,Seal Descriptions,hidden,15,xl/worksheets/sheet15.xml,B2:L29,9,"[""G3&\"" = \""&H3"", ""_xlfn.TEXTJOIN(\"", \"",TRUE,J3:J11)"", ""G5&\"" = \""&H5"", """", """", """", """", """", """"]",1,"[""G2:H2""]",0,[],0
Dean Data Sheet Rev 2.xlsm,DEAN,Misc Numbering,hidden,16,xl/worksheets/sheet16.xml,B2:P209,12,"[""Table102[[#Headers],[Cooling Plan]]"", ""Table107[[#Headers],[Cooling Plan Piping]]"", ""Table10793[[#Headers],[Cooling Plan Extras]]"", ""Table54[[#All],[Shipping Gasket]]"", ""Table3840[[#All],[Auxillary Nameplate]]"", ""Table103[[#All],[Crating]]"", ""Table43[[#All],[Paint Options]]"", ""Table53[[#All],[Coating]]"", ""Table102[Cooling Plan]"", ""Table107[Cooling Plan Piping]"", ""Table10793[Cooling Plan Extras]"", ""ROWS(Table105[])""]",0,[],0,[],2
Dean Data Sheet Rev 2.xlsm,DEAN,Motors,hidden,17,xl/worksheets/sheet17.xml,A2:V178,0,[],0,[],0,[],11
Dean Data Sheet Rev 2.xlsm,DEAN,Formal Quote (OEM),hidden,18,xl/worksheets/sheet18.xml,B1:R98,154,"[""TODAY()"", ""'Formal Quote'!B3"", ""'Formal Quote'!C5"", ""'Formal Quote'!B7"", ""IF('Formal Quote'!D11=\""\"",\""\"",'Formal Quote'!D11)"", ""IF('Formal Quote'!H11=\""\"",\""\"",'Formal Quote'!H11)"", ""IF('Formal Quote'!I11=\""\"",\""\"",'Formal Quote'!I11)"", ""IF('Formal Quote'!D12=\""\"",\""\"",'Formal Quote'!D12)"", ""IF('Formal Quote'!H12=\""\"",\""\"",'Formal Quote'!H12)"", ""IF('Formal Quote'!I12=\""\"",\""\"",'Formal Quote'!I12)"", ""IF('Formal Quote'!D13=\""\"",\""\"",'Formal Quote'!D13)"", ""IF('Formal Quote'!H13=\""\"",\""\"",'Formal Quote'!H13)"", ""IF('Formal Quote'!I13=\""\"",\""\"",'Formal Quote'!I13)"", ""IF('Formal Quote'!D14=\""\"",\""\"",'Formal Quote'!D14)"", ""IF('Formal Quote'!H14=\""\"",\""\"",'Formal Quote'!H14)"", ""IF('Formal Quote'!I14=\""\"",\""\"",'Formal Quote'!I14)"", ""IF('Formal Quote'!D15=\""\"",\""\"",'Formal Quote'!D15)"", ""IF('Formal Quote'!H15=\""\"",\""\"",'Formal Quote'!H15)"", ""IF('Formal Quote'!I15=\""\"",\""\"",'Formal Quote'!I15)"", ""IF('Formal Quote'!D16=\""\"",\""\"",'Formal Quote'!D16)""]",65,"[""B12:C12"", ""H12:I12"", ""B13:C13"", ""H13:I13"", ""E12:G12"", ""E13:G13"", ""C5:D5"", ""I2:J2"", ""B11:C11"", ""H11:I11"", ""E11:G11"", ""B10:I10"", ""B8:I8"", ""B15:C15"", ""H15:I15"", ""E14:G14"", ""E15:G15"", ""G20:G23"", ""H20:H23"", ""I20:I23""]",0,[],0
Dean Data Sheet Rev 2.xlsm,DEAN,Seal Options,hidden,19,xl/worksheets/sheet19.xml,D4:GR193,1,"[""TRANSPOSE(Table97[])""]",0,[],0,[],1
Dean Data Sheet Rev 2.xlsm,DEAN,Seal Pricing,hidden,20,xl/worksheets/sheet20.xml,B2:GJ48,1,"[""TRANSPOSE(Table97[])""]",0,[],0,[],0
Dean Data Sheet Rev 2.xlsm,DEAN,Pricing,visible,21,xl/worksheets/sheet21.xml,B1:ES1070,0,[],2,"[""BD2:BN2"", ""BY2:CB2""]",0,[],1
PumpConfiguration_Logic.xlsm,DEAN,Pump Options,visible,1,xl/worksheets/sheet1.xml,A2:WA233,138,"[""Table15[[#Headers],[Pump Configuration]]"", ""Table88[[#Headers],[Pump Material]]"", ""Table6[[#Headers],[Casing Material]]"", ""Table7[[#Headers],[Casing Drain]]"", ""Table91[[#Headers],[Casing Taps]]"", ""Table9[[#Headers],[Casing Gasket]]"", ""Table10[[#Headers],[Flange Configuration]]"", ""Table69[[#Headers],[Spot Facing]]"", ""Table12[[#Headers],[Casing Wear Ring]]"", ""Table96[[#Headers],[Tack weld wear rings]]"", ""Table14[[#Headers],[Casing Mounting]]"", ""Table16[[#Headers],[Seal Chamber Config]]"", ""Table69717278[[#Headers],[Shipping Gasket]]"", ""Table6971[[#Headers],[Casing Heat Jacket]]"", ""Table18[[#Headers],[Impeller Trim]]"", ""Table116[[#Headers],[Impeller Balance]]"", ""Table115[[#Headers],[Impeller Material]]"", ""Table22[[#Headers],[Impeller Wear Ring Material]]"", ""Table89[[#Headers],[Shaft Configuration]]"", ""Table90[[#Headers],[Shaft Material]]""]",102,"[""IJ2:IK2"", ""IR2:IS2"", ""IU2:IV2"", ""IX2:JA2"", ""UL213:UN215"", ""OM215:OP216"", ""OM218:OP219"", ""OR2:PD2"", ""OR213:PD213"", ""PN2:PU2"", ""PN213:PU213"", ""KZ215:LD216"", ""KZ218:LD219"", ""NZ2:OA2"", ""OF2:OG2"", ""OI2:OK2"", ""MX2:NA2"", ""NC2:NG2"", ""NS2:NX2"", ""OC2:OD2""]",0,[],0
PumpConfiguration_Logic.xlsm,DEAN,Price Options,visible,2,xl/worksheets/sheet2.xml,A2:ZJ225,135,"[""Table15[[#Headers],[Pump Configuration]]"", ""Table88[[#Headers],[Pump Material]]"", ""Table6[[#Headers],[Casing Material]]"", ""Table7[[#Headers],[Casing Drain]]"", ""Table91[[#Headers],[Casing Taps]]"", ""Table9[[#Headers],[Casing Gasket]]"", ""Table10[[#Headers],[Flange Configuration]]"", ""Table69[[#Headers],[Spot Facing]]"", ""Table12[[#Headers],[Casing Wear Ring]]"", ""Table96[[#Headers],[Tack weld wear rings]]"", ""Table14[[#Headers],[Casing Mounting]]"", ""Table16[[#Headers],[Seal Chamber Config]]"", ""Table69717278[[#Headers],[Shipping Gasket]]"", ""Table6971[[#Headers],[Casing Heat Jacket]]"", ""Table18[[#Headers],[Impeller Trim]]"", ""Table116[[#Headers],[Impeller Balance]]"", ""Table115[[#Headers],[Impeller Material]]"", ""Table22[[#Headers],[Impeller Wear Ring Material]]"", ""Table89[[#Headers],[Shaft Configuration]]"", ""Table90[[#Headers],[Shaft Material]]""]",309,"[""E209:L209"", ""E203:L203"", ""E204:L204"", ""E205:L205"", ""E206:L206"", ""E207:L207"", ""E208:L208"", ""E197:L197"", ""E198:L198"", ""E199:L199"", ""E200:L200"", ""E201:L201"", ""E202:L202"", ""E191:L191"", ""E192:L192"", ""E193:L193"", ""E194:L194"", ""E195:L195"", ""E196:L196"", ""E185:L185""]",0,[],0
PumpConfiguration_Logic.xlsm,DEAN,Codependencies,visible,3,xl/worksheets/sheet3.xml,B6:AX171,0,[],0,[],0,[],47
PumpConfiguration_Logic.xlsm,DEAN,Config Options,visible,4,xl/worksheets/sheet4.xml,B3:ER103,0,[],0,[],0,[],70
Fybroc Attributes and Constraints.xlsx,FYBROC,MAIN,visible,1,xl/worksheets/sheet1.xml,B1:Q360,395,"[""_xlfn.CONCAT(\""'\"",P1,\""'!$C$3:$AK$100\"")"", ""_xlfn.CONCAT(\""'\"",P1,\""'!$C$2:$AK$2\"")"", ""_xlfn.CONCAT(E3,\"",\"",F3,\"",\"",G3,\"",\"",H3,\"",\"",I3,\"",\"",J3,\"",\"",K3,\"",\"",L3,\"",\"",N3,\"",\"",O3,\"",\"")"", ""_xlfn.TAKE(INDEX(INDIRECT($Q$1),0,MATCH(Q3,INDIRECT($Q$2),0)),COUNTA(INDEX(INDIRECT($Q$1),0,MATCH(Q3,INDIRECT($Q$2),0))))"", """", """", """", """", """", """", """", """", """", """", """", """", """", """", """", """"]",0,[],1,"[""{\""type\"":\""list\"",\""sqref\"":\""P1\"",\""operator\"":null,\""allowBlank\"":\""1\""}""]",0
Fybroc Attributes and Constraints.xlsx,FYBROC,Constraints,visible,2,xl/worksheets/sheet2.xml,B2:W75,0,[],0,[],0,[],0
Fybroc Attributes and Constraints.xlsx,FYBROC,FULL LIST,visible,3,xl/worksheets/sheet3.xml,A2:AK649,0,[],0,[],4,"[""{\""type\"":\""list\"",\""sqref\"":\""T465:T470 S465:S467\"",\""operator\"":null,\""allowBlank\"":\""1\""}"", ""{\""type\"":\""list\"",\""sqref\"":\""W465:W467\"",\""operator\"":null,\""allowBlank\"":\""1\""}"", ""{\""type\"":\""list\"",\""sqref\"":\""AG465:AG467\"",\""operator\"":null,\""allowBlank\"":\""1\""}"", ""{\""type\"":\""list\"",\""sqref\"":\""V465:V467\"",\""operator\"":null,\""allowBlank\"":\""1\""}""]",0
Fybroc Attributes and Constraints.xlsx,FYBROC,1500,visible,4,xl/worksheets/sheet4.xml,C1:BK101,0,[],0,[],1,"[""{\""type\"":\""list\"",\""sqref\"":\""AN3:AN5\"",\""operator\"":null,\""allowBlank\"":\""1\""}""]",0
Fybroc Attributes and Constraints.xlsx,FYBROC,1530,visible,5,xl/worksheets/sheet5.xml,C1:BF76,0,[],0,[],0,[],0
Fybroc Attributes and Constraints.xlsx,FYBROC,1600,visible,6,xl/worksheets/sheet6.xml,C1:AK76,0,[],0,[],0,[],0
Fybroc Attributes and Constraints.xlsx,FYBROC,1630,visible,7,xl/worksheets/sheet7.xml,C1:AK101,0,[],0,[],0,[],0
Fybroc Attributes and Constraints.xlsx,FYBROC,2530,visible,8,xl/worksheets/sheet8.xml,C1:AK76,0,[],0,[],0,[],0
Fybroc Attributes and Constraints.xlsx,FYBROC,3000,visible,9,xl/worksheets/sheet9.xml,A2:AL64,0,[],0,[],0,[],0
Fybroc Attributes and Constraints.xlsx,FYBROC,5500,visible,10,xl/worksheets/sheet10.xml,C1:AJ101,0,[],0,[],4,"[""{\""type\"":\""list\"",\""sqref\"":\""V3:V5\"",\""operator\"":null,\""allowBlank\"":\""1\""}"", ""{\""type\"":\""list\"",\""sqref\"":\""AG3:AG5\"",\""operator\"":null,\""allowBlank\"":\""1\""}"", ""{\""type\"":\""list\"",\""sqref\"":\""W3:W5\"",\""operator\"":null,\""allowBlank\"":\""1\""}"", ""{\""type\"":\""list\"",\""sqref\"":\""T3:T8 S3:S5\"",\""operator\"":null,\""allowBlank\"":\""1\""}""]",0
Fybroc Nomenclature_V5.xlsm,FYBROC,Smart Number,visible,1,xl/worksheets/sheet1.xml,B4:Y28,13,"[""LEN(D5)"", ""LEN(D8)"", ""VLOOKUP(D14,Attributes!$C$8:$D$9,2,FALSE)"", ""VLOOKUP(E14,Attributes!$F$8:$G$21,2,FALSE)"", ""VLOOKUP(F14,Attributes!$I$8:$J$24,2,FALSE)"", ""VLOOKUP(G14,Attributes!$L$8:$M$13,2,FALSE)"", ""VLOOKUP(H14,Attributes!$O$8:$P$104,2,FALSE)"", ""IFERROR(VLOOKUP(L14&L15&L16&L17&L18&L19&L20&L21&L22&L23&L24&L25,'Pump Options'!$C$15:$P$138254,14,FALSE),\""Not Valid\"")"", ""IFERROR(VLOOKUP(O14&O15&O16&O17&O18,'Seal Assembly'!$C$14:$I$80,7,FALSE),\""Not Valid\"")"", ""IFERROR(VLOOKUP(Q14&Q15&Q16&Q17&Q18,Options!$C$12:$I$107,7,FALSE),\""Not Valid\"")"", ""IFERROR(VLOOKUP(S14&S15&S16&S17&S18&S19&S20&S21&S22&S23&S24,' Motor Assy'!$C$27:$O$728,13,FALSE),\""Not Valid\"")"", ""IFERROR(VLOOKUP(V14,Attributes!$R$8:$S$38,2,FALSE)&VLOOKUP(V15,Attributes!$R$8:$S$38,2,FALSE)&VLOOKUP(V16,Attributes!$R$8:$S$38,2,FALSE),\""Not Valid\"")"", ""IFERROR(VLOOKUP(Y14,Attributes!$U$8:$V$98,2,FALSE),\""Not Valid\"")""]",54,"[""L21:M21"", ""L22:M22"", ""L23:M23"", ""L24:M24"", ""L25:M25"", ""L15:M15"", ""L17:M17"", ""L18:M18"", ""L19:M19"", ""L20:M20"", ""L16:M16"", ""J15:K15"", ""J17:K17"", ""J18:K18"", ""J19:K19"", ""J20:K20"", ""J16:K16"", ""J21:K21"", ""J22:K22"", ""J23:K23""]",36,"[""{\""type\"":\""list\"",\""sqref\"":\""L14:M14\"",\""operator\"":null,\""allowBlank\"":\""1\""}"", ""{\""type\"":\""list\"",\""sqref\"":\""L15:M15\"",\""operator\"":null,\""allowBlank\"":\""1\""}"", ""{\""type\"":\""list\"",\""sqref\"":\""L17:M17\"",\""operator\"":null,\""allowBlank\"":\""1\""}"", ""{\""type\"":\""list\"",\""sqref\"":\""L18:M18\"",\""operator\"":null,\""allowBlank\"":\""1\""}"", ""{\""type\"":\""list\"",\""sqref\"":\""L19:M19\"",\""operator\"":null,\""allowBlank\"":\""1\""}"", ""{\""type\"":\""list\"",\""sqref\"":\""L20:M20\"",\""operator\"":null,\""allowBlank\"":\""1\""}"", ""{\""type\"":\""list\"",\""sqref\"":\""L21:M21\"",\""operator\"":null,\""allowBlank\"":\""1\""}"", ""{\""type\"":\""list\"",\""sqref\"":\""L22:M22\"",\""operator\"":null,\""allowBlank\"":\""1\""}"", ""{\""type\"":\""list\"",\""sqref\"":\""L23:M23\"",\""operator\"":null,\""allowBlank\"":\""1\""}"", ""{\""type\"":\""list\"",\""sqref\"":\""L24:M24\"",\""operator\"":null,\""allowBlank\"":\""1\""}"", ""{\""type\"":\""list\"",\""sqref\"":\""L25:M25\"",\""operator\"":null,\""allowBlank\"":\""1\""}"", ""{\""type\"":\""list\"",\""sqref\"":\""O14\"",\""operator\"":null,\""allowBlank\"":\""1\""}"", ""{\""type\"":\""list\"",\""sqref\"":\""O15\"",\""operator\"":null,\""allowBlank\"":\""1\""}"", ""{\""type\"":\""list\"",\""sqref\"":\""O16\"",\""operator\"":null,\""allowBlank\"":\""1\""}"", ""{\""type\"":\""list\"",\""sqref\"":\""O17\"",\""operator\"":null,\""allowBlank\"":\""1\""}"", ""{\""type\"":\""list\"",\""sqref\"":\""V14:W16\"",\""operator\"":null,\""allowBlank\"":\""1\""}"", ""{\""type\"":\""list\"",\""sqref\"":\""Y14\"",\""operator\"":null,\""allowBlank\"":\""1\""}"", ""{\""type\"":\""list\"",\""sqref\"":\""L16:M16\"",\""operator\"":null,\""allowBlank\"":\""1\""}"", ""{\""type\"":\""list\"",\""sqref\"":\""Q14\"",\""operator\"":null,\""allowBlank\"":\""1\""}"", ""{\""type\"":\""list\"",\""sqref\"":\""Q15\"",\""operator\"":null,\""allowBlank\"":\""1\""}""]",0
Fybroc Nomenclature_V5.xlsm,FYBROC,Attributes,visible,2,xl/worksheets/sheet2.xml,C1:AW523,53,"[""IFERROR(VLOOKUP('Smart Number'!H14,ValidTrim,1,FALSE),\""Error\"")"", ""AL7&AM7"", ""_xlfn.UNIQUE(_xlfn._xlws.FILTER(Trim[SF1_ImpellerTrim],Trim[Size]='Smart Number'!$F$14))"", ""AL8&AM8"", """", """", """", """", """", """", """", """", """", """", """", """", """", """", """", """"]",0,[],0,[],1
Fybroc Nomenclature_V5.xlsm,FYBROC,Pump Options,visible,3,xl/worksheets/sheet3.xml,C2:T138254,276481,"[""LEN(C15)"", ""D15&E15&F15&G15&H15&I15&J15&K15&L15&M15&N15&O15"", ""IF(LEN(_xlfn.BASE(Q15,36))=1,\""000\""&_xlfn.BASE(Q15,36),IF(LEN(_xlfn.BASE(Q15,36))=2,\""00\""&_xlfn.BASE(Q15,36),IF(LEN(_xlfn.BASE(Q15,36))=3,\""0\""&_xlfn.BASE(Q15,36),IF(LEN(_xlfn.BASE(Q15,36))=4,_xlfn.BASE(Q15,36),FALSE))))"", ""D16&E16&F16&G16&H16&I16&J16&K16&L16&M16&N16&O16"", """", """", """", """", """", """", """", """", """", """", """", """", """", """", """", """"]",0,[],0,[],0
Fybroc Nomenclature_V5.xlsm,FYBROC,Seal Assembly,visible,4,xl/worksheets/sheet4.xml,C2:N80,134,"[""D14&E14&F14&G14&H14"", ""IF(LEN(_xlfn.BASE(J14,36))=1,\""0\""&_xlfn.BASE(J14,36),IF(LEN(_xlfn.BASE(J14,36))=2,\""\""&_xlfn.BASE(J14,36)))"", """", """", """", """", """", """", """", """", """", """", """", """", """", """", """", """", """", """"]",0,[],0,[],0
Fybroc Nomenclature_V5.xlsm,FYBROC,Options,visible,5,xl/worksheets/sheet5.xml,C2:J107,193,"[""IF(LEN(_xlfn.BASE(J9,36))=1,\""0\""&_xlfn.BASE(J9,36),IF(LEN(_xlfn.BASE(J9,36))=2,\""\""&_xlfn.BASE(J9,36)))"", ""D12&E12&F12&G12&H12"", ""IF(LEN(_xlfn.BASE(J12,36))=1,\""0\""&_xlfn.BASE(J12,36),IF(LEN(_xlfn.BASE(J12,36))=2,\""\""&_xlfn.BASE(J12,36)))"", """", """", """", """", """", """", """", """", """", """", """", """", """", """", """", """", """"]",0,[],0,[],0
Fybroc Nomenclature_V5.xlsm,FYBROC, Motor Assy,visible,6,xl/worksheets/sheet6.xml,C2:P728,1404,"[""D27&E27&F27&G27&H27&I27&J27&K27&L27&M27&N27"", ""IF(LEN(_xlfn.BASE(P27,36))=1,\""00\""&_xlfn.BASE(P27,36),IF(LEN(_xlfn.BASE(P27,36))=2,\""0\""&_xlfn.BASE(P27,36),IF(LEN(_xlfn.BASE(P27,36))=3,\""\""&_xlfn.BASE(P27,36))))"", """", """", """", """", """", """", """", """", """", """", """", """", """", """", """", """", """", """"]",0,[],0,[],0
Price Estimator-Fybroc.xlsm,FYBROC,Plaintag,visible,1,xl/worksheets/sheet1.xml,B3:I14,3,"[""'Price Check'!AB41"", ""'Price Check'!B22"", ""Nameplate!I4""]",1,"[""F8:G8""]",0,[],0
Price Estimator-Fybroc.xlsm,FYBROC,Nameplate,visible,2,xl/worksheets/sheet2.xml,A2:FO23,1574,"[""IF(AND('Price Check'!B67<>\""\"", 'Price Check'!B68<>\""\""), IF(AND(OR('Price Check'!C67=\""m^3/hr\"",'Price Check'!C67=\""lps\"",'Price Check'!C67=\""lpm\""), OR('Price Check'!C68=\""bar\"", 'Price Check'!C68=\""kPa\"", 'Price Check'!C68=\""m\"")),\""Metric\"",IF(AND('Price Check'!C67=\""GPM\"", OR('Price Check'!C68=\""psi\"", 'Price Check'!C68=\""FT\"")), \""ANSI\"", \""Check Units\"")), IF('Price Check'!C55=\""kW\"", \""Metric\"", \""ANSI\""))"", ""'Price Check'!AB41"", ""'Price Check'!B22"", ""L22"", ""_xlfn.CONCAT(INDIRECT(L12)&\""  \""&LEFT(INDIRECT(L13), FIND(\"" \"", INDIRECT(L13))-1))"", ""IF(B2=\""ANSI\"", INDIRECT(L14), IF(B2=\""Metric\"", ROUND(CONVERT(INDIRECT(L14), \""in\"", \""mm\""),0)))"", ""IFERROR(IF(ISNUMBER(SEARCH(\""No Seal\"",INDIRECT(L15))),\""\"",IF(INDIRECT(L15)=\""MG-1\"",\""MG-1\"",MID(INDIRECT(L15), FIND(\"" \"", INDIRECT(L15))+1, FIND(\"" \"", INDIRECT(L15), FIND(\"" \"", INDIRECT(L15))+2)-FIND(\"" \"", INDIRECT(L15))-1))), \""\"")"", ""IF(B2=\""ANSI\"", \""IMP. DIA. (IN.)\"", IF(B2=\""Metric\"", \""Imp. Diameter (mm)\""))"", ""IFERROR(INDEX($R$11:$AA$22,ROW()-10,MATCH(L$11,$R$11:$AA$11,0)),R12)"", ""O12"", ""SUBSTITUTE($Q12,\""D\"",S$11)"", ""SUBSTITUTE($Q12,\""D\"",T$11)"", """", """", """", """", """", """", """", """"]",0,[],1,"[""{\""type\"":\""list\"",\""sqref\"":\""L11\"",\""operator\"":null,\""allowBlank\"":\""1\""}""]",0
Price Estimator-Fybroc.xlsm,FYBROC,Price Check,visible,3,xl/worksheets/sheet3.xml,A1:AU259,1294,"[""IF(INDEX(Table132[],MATCH(B5,Table132[Employee List],0),3)<>0,INDEX(Table132[],MATCH(B5,Table132[Employee List],0),3),IFERROR(IF(OR(INDEX(Table1132[],MATCH(B4,Rep!A3:A103,0),MATCH(\""Rapport\"",Rep!A2:U2,0))=\""\"",INDEX(Table1132[],MATCH(B4,Rep!A3:A103,0),MATCH(\""Rapport\"",Rep!A2:U2,0))=\""Net Only\""),\""\"",INDEX(Table1132[],MATCH(B4,Rep!A3:A103,0),MATCH(\""Rapport\"",Rep!A2:U2,0))),\""\""))"", ""IFERROR(INDEX(Table1132[],MATCH(B4,Table1132[[COMPANY NAME ]],0),MATCH(\""Current Time\"",Table1132[#Headers],0)),\""0:00\"")"", ""MID(CELL(\""filename\"",A1),SEARCH(\""[\"",CELL(\""filename\"",A1))+1, SEARCH(\""]\"",CELL(\""filename\"",A1))-SEARCH(\""[\"",CELL(\""filename\"",A1))-6)"", ""IF(O3=\""jfoulke\"", \""JGF\"", IF(O3=\""nfecondo\"", \""NF\"", IF(O3=\""jopiola\"", \""JHO\"", IF(O3=\""cbaker\"", \""CB\"", IF(O3=\""jsmith\"", \""JS\"", IF(O3=\""jhall\"", \""JH\"", IF(O3=\""rcandelori\"", \""RC\"", IF(O3=\""sthomas\"", \""ST\"", \""\"" ))))))))"", ""UserName()"", ""IF(P2=\""JGF\"", \""jfoulke\"", IF(P2=\""NF\"", \""nfecondo\"", IF(P2=\""JHO\"", \""jopiola\"", IF(P2=\""CB\"", \""cbaker\"", IF(P2=\""JS\"", \""jsmith\"", IF(P2=\""JH\"", \""jhall\"", IF(P2=\""RC\"", \""rcandelori\"", IF(P2=\""ST\"", \""sthomas\"",\""\""))))))))"", ""B24"", ""IF(ISNUMBER(SEARCH(\""INT -- \"",B4)),RIGHT(B4,LEN(B4)-7),B4)"", ""B18"", ""IF(DAY(TODAY())>3,TODAY(),B13)"", ""O2"", ""CONCATENATE(B25,\"" \"",LEFT(B26,FIND(\"" \"",B26)-1),\"" \"",IF(B28=Tables!B79,LEFT(B28,FIND(\""(\"",B28)-2),B28),IF(OR(B25=5500,B25=6000,B25=7500),IF(B29=Tables!B128,CONCATENATE(\""/Wrap-\"",LEFT(B34,FIND(\""W\"",B34)-2)),IF(B29=Tables!B129,CONCATENATE(\""/(316SS)Wrap-\"",LEFT(B34,FIND(\""W\"",B34)-2)),IF(AND(B29=Tables!B123,B34=Tables!B404),\""/316SS\"",IF(AND(B29=Tables!B124,B34=Tables!B405),\""/Carp-20\"",IF(AND(B29=Tables!B125,B34=Tables!B407),\""/Hast-C\"",IF(AND(B29=Tables!B126,B34=Tables!B406),\""/Titan\"",\""\"")))))),\""\""))"", ""B14"", ""G102"", ""CONCATENATE(B36,CHAR(34))"", ""G83"", ""IF(AF3=\""\"",\""\"",LEFT(AF3,LEN(AF3)-2))"", ""IF(AND('Price Check'!B69<>\""\"",'Price Check'!J67<>\""\""),\nCONCATENATE(IF(ISNUMBER('Price Check'!J67),100*'Price Check'!J67 & \""% \"",IF(ISNUMBER(SEARCH(\""%\"",'Price Check'!J67)),'Price Check'!J67 & \"" \"",'Price Check'!J67 & \""% \"")),'Price Check'!B69),\nIF('Price Check'!B69<>\""\"",'Price Check'!B69,\n\nIF('Price Check'!G116<>\""\"",CONCATENATE(\n\nIF(AND('Price Check'!G116<>\""\"",'Price Check'!J115<>\""\""),CONCATENATE(\nIF(ISNUMBER('Price Check'!J115),100*'Price Check'!J115 & \""% \"",IF(ISNUMBER(SEARCH(\""%\"",'Price Check'!J115)),'Price Check'!J115 & \"" \"",'Price Check'!J115 & \""% \"")),'Price Check'!G116),\nIF('Price Check'!G116<>\""\"",'Price Check'!G116,\""\"")),\n\nIF(AND('Price Check'!G122<>\""\"",'Price Check'!J121<>\""\""),CONCATENATE(\n\""; \"",IF(ISNUMBER('Price Check'!J121),100*'Price Check'!J121 & \""% \"",IF(ISNUMBER(SEARCH(\""%\"",'Price Check'!J121)),'Price Check'!J121 & \"" \"",'Price Check'!J121 & \""% \"")),'Price Check'!G122),\nIF('Price Check'!G122<>\""\"",\""; \""&'Price Check'!G122,\""\"")),\n\nIF(AND('Price Check'!G128<>\""\"",'Price Check'!J127<>\""\""),CONCATENATE(\n\""; \"",IF(ISNUMBER('Price Check'!J127),100*'Price Check'!J127 & \""% \"",IF(ISNUMBER(SEARCH(\""%\"",'Price Check'!J127)),'Price Check'!J127 & \"" \"",'Price Check'!J127 & \""% \"")),'Price Check'!G128),\nIF('Price Check'!G128<>\""\"",\""; \""&'Price Check'!G128,\""\"")),\n\nIF(AND('Price Check'!G134<>\""\"",'Price Check'!J133<>\""\""),CONCATENATE(\n\"" OR \"",IF(ISNUMBER('Price Check'!J133),100*'Price Check'!J133 & \""% \"",IF(ISNUMBER(SEARCH(\""%\"",'Price Check'!J133)),'Price Check'!J133 & \"" \"",'Price Check'!J133 & \""% \"")),'Price Check'!G134),\nIF('Price Check'!G134<>\""\"",\""; \""&'Price Check'!G134,\""\""))),\n\""\"")))"", ""IF(B9<>\""\"",B9,\""\"")"", ""CONCATENATE(IFERROR(VLOOKUP(\""Per Dwg*\"",B92:B101,1,FALSE)&\""; \"",\""\""),IFERROR(IF(A7=\""Special Discount\"",\""Special Discount: \""&ROUND(B7*100,2)&\""% \"",\""\""),\""\""),IF(B23=\""Yes\"",\""Approval; \"",\""\""),IF(ISNUMBER(MATCH(\""DIN/ISO Flanges\"",B92:B101,0)),\""DIN/ISO Flanges; \"",IF(ISNUMBER(MATCH(\""JIS Flanges\"",B92:B101,0)),\""JIS Flanges; \"",\""\"")),IF(NOT(OR(B21=\""NA\"",B21=\""N/A\"",B21=\""\"")),B21&\""; \"",\""\""),IF(ISNUMBER(SEARCH(\""No Seal\"",B32)),B32&\""; \"",\""\""),IF(ISNUMBER(SEARCH(\""Wet End Kit\"",C25)),C25&\""; \"",\""\""))""]",221,"[""AB84:AE84"", ""AB85:AE85"", ""AB86:AE86"", ""Q84:T84"", ""Q85:T85"", ""Q86:T86"", ""Y86:AA86"", ""W62:W67"", ""X62:X67"", ""Q62:Q67"", ""Q82:T82"", ""S62:S67"", ""T62:T67"", ""U62:U67"", ""V62:V67"", ""AB82:AE82"", ""AB83:AE83"", ""G104:K105"", ""P75:P76"", ""Q72:Q73""]",6,"[""{\""type\"":\""list\"",\""sqref\"":\""O64\"",\""operator\"":null,\""allowBlank\"":\""1\""}"", ""{\""type\"":\""list\"",\""sqref\"":\""L149 L145 L147\"",\""operator\"":null,\""allowBlank\"":\""1\""}"", ""{\""type\"":\""list\"",\""sqref\"":\""D53\"",\""operator\"":null,\""allowBlank\"":\""1\""}"", ""{\""type\"":\""list\"",\""sqref\"":\""P2\"",\""operator\"":null,\""allowBlank\"":\""1\""}"", ""{\""type\"":\""list\"",\""sqref\"":\""C64\"",\""operator\"":null,\""allowBlank\"":\""1\""}"", ""{\""type\"":\""list\"",\""sqref\"":\""A118:A128\"",\""operator\"":null,\""allowBlank\"":\""1\""}""]",6
Price Estimator-Fybroc.xlsm,FYBROC,MainTemplate,visible,4,xl/worksheets/sheet4.xml,A1:IV969,27146,"[""J3"", ""'Price Check'!O3"", ""\""C:\\Users\\\""&H3&\"".TUSKIND\\OneDrive - Tusk Industrial LLC\\Fybroc AE\\Quotes & Orders\\Quotes\\\""&C2"", ""IF(AND(MainTemplate!C2<>\""\"",MainTemplate!C10<>\""\"",MainTemplate!C5<>\""\""),CONCATENATE(\""\\\"",MainTemplate!C2,\"" \"",MainTemplate!C10,\"" \"",MainTemplate!C5,\"" - Template.xlsm\""),\""N/A\"")"", ""'Price Check'!B7"", ""'Price Check'!B9"", ""IF(D6<$C$4,D6+1,\""\"")"", ""IF(E6<$C$4,E6+1,\""\"")"", ""IF(F6<$C$4,F6+1,\""\"")"", ""IF(G6<$C$4,G6+1,\""\"")"", """", """", """", """", """", """", """", """", """", """"]",1,"[""E864:F864""]",40,"[""{\""type\"":\""list\"",\""sqref\"":\""C35:AJ35\"",\""operator\"":null,\""allowBlank\"":\""1\""}"", ""{\""type\"":null,\""sqref\"":\""H2\"",\""operator\"":null,\""allowBlank\"":\""1\""}"", ""{\""type\"":\""list\"",\""sqref\"":\""C36:IV36\"",\""operator\"":null,\""allowBlank\"":\""1\""}"", ""{\""type\"":\""list\"",\""sqref\"":\""AK35:IV35\"",\""operator\"":null,\""allowBlank\"":\""1\""}"", ""{\""type\"":\""list\"",\""sqref\"":\""C34:IV34\"",\""operator\"":null,\""allowBlank\"":\""1\""}"", ""{\""type\"":\""list\"",\""sqref\"":\""C33:IV33\"",\""operator\"":null,\""allowBlank\"":\""1\""}"", ""{\""type\"":\""list\"",\""sqref\"":\""AK32:IV32\"",\""operator\"":null,\""allowBlank\"":\""1\""}"", ""{\""type\"":\""list\"",\""sqref\"":\""C8:AJ8\"",\""operator\"":null,\""allowBlank\"":\""1\""}"", ""{\""type\"":\""list\"",\""sqref\"":\""C71:IV71\"",\""operator\"":null,\""allowBlank\"":\""1\""}"", ""{\""type\"":\""list\"",\""sqref\"":\""C70:IV70\"",\""operator\"":null,\""allowBlank\"":\""1\""}"", ""{\""type\"":\""list\"",\""sqref\"":\""C69:IV69\"",\""operator\"":null,\""allowBlank\"":\""1\""}"", ""{\""type\"":\""list\"",\""sqref\"":\""C68:IV68\"",\""operator\"":null,\""allowBlank\"":\""1\""}"", ""{\""type\"":\""list\"",\""sqref\"":\""C67:IV67\"",\""operator\"":null,\""allowBlank\"":\""1\""}"", ""{\""type\"":\""list\"",\""sqref\"":\""C25:IV25\"",\""operator\"":null,\""allowBlank\"":\""1\""}"", ""{\""type\"":\""list\"",\""sqref\"":\""C37:XFD37\"",\""operator\"":null,\""allowBlank\"":\""1\""}"", ""{\""type\"":\""list\"",\""sqref\"":\""C19:IV19\"",\""operator\"":null,\""allowBlank\"":\""1\""}"", ""{\""type\"":\""list\"",\""sqref\"":\""C27:IV27\"",\""operator\"":null,\""allowBlank\"":\""1\""}"", ""{\""type\"":\""list\"",\""sqref\"":\""C49:IV49\"",\""operator\"":null,\""allowBlank\"":\""1\""}"", ""{\""type\"":\""list\"",\""sqref\"":\""C48:IV48\"",\""operator\"":null,\""allowBlank\"":\""1\""}"", ""{\""type\"":\""list\"",\""sqref\"":\""C46:IV46\"",\""operator\"":null,\""allowBlank\"":\""1\""}""]",94
Price Estimator-Fybroc.xlsm,FYBROC,Aquarium,visible,5,xl/worksheets/sheet5.xml,A1:DK87,1614,"[""IFERROR(IF($AH$1=\""Yes\"",INDEX(MainTemplate!$D$7:$IV$82,MATCH($B$4,MainTemplate!$B$7:$B$82,0),MATCH(A5,MainTemplate!$D$6:$IV$6,0)),\""\""),\""\"")"", ""IFERROR(IF($AH$1=\""Yes\"",INDEX(MainTemplate!$D$7:$IV$82,MATCH($C$4,MainTemplate!$B$7:$B$82,0),MATCH(A5,MainTemplate!$D$6:$IV$6,0)),\""\""),\""\"")"", ""AC5"", ""CONCATENATE(BF5,\"" \"",BR5)"", ""CONCATENATE(BG5,\"" \"",BS5)"", ""CONCATENATE(\""Fybroc \"",AD5,\"" Series\"")"", ""LEFT(AE5,FIND(\"" \"",AE5)-1)"", ""AO5"", ""IFERROR(IF($AH$1=\""Yes\"",INDEX(MainTemplate!$D$7:$IV$82,MATCH($J$4,MainTemplate!$B$7:$B$82,0),MATCH(A5,MainTemplate!$D$6:$IV$6,0)),\""\""),\""\"")"", ""CONCATENATE(AY5,\"" \"",BT5)"", ""AZ5"", ""BC5"", ""LEFT(BD5,FIND(\""/\"",BD5)-1)"", ""RIGHT(BD5,LEN(BD5)-FIND(\""/\"",BD5))"", ""AQ5"", ""IFERROR(IF(OR(BP5=\""Shaft Grounding Ring\"",BQ5=\""Shaft Grounding Ring\""),\""VFD\"",\""Constant Speed\""),\""\"")"", ""IF(U5=\""\"",\""\"",U5*(1-'Price Check'!$B$7))"", ""IFERROR(D5*R5,\""\"")"", ""IFERROR(IF($AH$1=\""Yes\"",INDEX(MainTemplate!$D$7:$IV$105,MATCH(CONCATENATE($U$4,\"":\""),MainTemplate!$C$7:$C$105,0),MATCH(A5,MainTemplate!$D$6:$IV$6,0)),\""\""),\""\"")"", ""IFERROR(U5*(1-$V$4),\""\"")""]",8,"[""B49:L49"", ""B57:L57"", ""B59:L59"", ""B3:T3"", ""B45:L45"", ""B47:L47"", ""B58:L58"", ""N45:T72""]",4,"[""{\""type\"":\""list\"",\""sqref\"":\""Q6:Q37\"",\""operator\"":null,\""allowBlank\"":\""1\""}"", ""{\""type\"":\""list\"",\""sqref\"":\""AW5:AW37\"",\""operator\"":null,\""allowBlank\"":\""1\""}"", ""{\""type\"":\""list\"",\""sqref\"":\""AH1\"",\""operator\"":null,\""allowBlank\"":\""1\""}"", ""{\""type\"":\""list\"",\""sqref\"":\""Q5\"",\""operator\"":null,\""allowBlank\"":\""1\""}""]",1
Price Estimator-Fybroc.xlsm,FYBROC,ROM_Data,visible,6,xl/worksheets/sheet6.xml,B1:CB1066,1286,"[""_xlfn.XLOOKUP(C3,$CA$3:$CA$58,$BZ$3:$BZ$58,\""???\"",0)"", ""IF(G3=\""\"",\""\"",SUBSTITUTE(D3,\""T\"",\""JM\""))"", ""IF(S3=\""\"",\""\"",SUBSTITUTE(D3,\""T\"",\""TC\""))"", ""_xlfn.XLOOKUP(C4,$CA$3:$CA$58,$BZ$3:$BZ$58,\""???\"",0)"", """", """", """", """", """", """", """", """", """", """", """", """", """", """", """", """"]",0,[],0,[],5
Price Estimator-Fybroc.xlsm,FYBROC,Formal Quote,visible,7,xl/worksheets/sheet7.xml,A1:AT161,910,"[""IF('Price Check'!B4=Rep!A103,\""*\"",AT2)"", ""TODAY()"", ""TODAY()"", ""TODAY()"", ""TODAY()"", ""IF('Price Check'!B4=\""\"",\""*\"",\nIF(IFERROR(INDEX(Table1132[],MATCH('Price Check'!B4,Table1132[[COMPANY NAME ]],0),MATCH(\""Dist / OEM\"",Table1132[#Headers],0)),777)=777,777,\nIF(INDEX(Table1132[],MATCH('Price Check'!B4,Table1132[[COMPANY NAME ]],0),MATCH(\""Dist / OEM\"",Table1132[#Headers],0))=\""Intercompany\"",7,\nIF(OR(INDEX(Table1132[],MATCH('Price Check'!B4,Table1132[[COMPANY NAME ]],0),MATCH(\""Dist / OEM\"",Table1132[#Headers],0))=\""OEM\"",INDEX(Table1132[],MATCH('Price Check'!B4,Table1132[[COMPANY NAME ]],0),MATCH(\""Dist / OEM\"",Table1132[#Headers],0))=\""DIRECT\""),77,\nIF(AND(INDEX(Table1132[],MATCH('Price Check'!B4,Table1132[[COMPANY NAME ]],0),MATCH(\""Price Book\"",Table1132[#Headers],0))=\""NO\"",INDEX(Table1132[],MATCH('Price Check'!B4,Table1132[[COMPANY NAME ]],0),MATCH(\""Disc.\"",Table1132[#Headers],0))<>0.3, NOT('Price Check'!B4 = Rep!A102)),7777,\nIF(ISNUMBER(SEARCH(\""List Only\"",INDEX(Table1132[],MATCH('Price Check'!B4,Table1132[[COMPANY NAME ]],0),MATCH(\""Rapport\"",Table1132[#Headers],0)))),\""List Only\"",\""*\""))))))"", ""'Price Check'!B5 & IF('Price Check'!B6<>\""\"",\"" - \"" & 'Price Check'!B6,\""\"")"", ""B4"", ""B4"", ""B4"", ""SUBSTITUTE(IF(ISNUMBER(SEARCH(\""INT -- \"",'Price Check'!B4)),RIGHT('Price Check'!B4,LEN('Price Check'!B4)-7),'Price Check'!B4),Rep!W61,Rep!W55)"", ""B5"", ""B5"", ""B5"", ""IFERROR(CONCATENATE(INDEX(Table1132[],MATCH('Price Check'!B4,Table1132[[COMPANY NAME ]],0),MATCH(\""STREET ADDRESS\"",Table1132[#Headers],0)),\"", \"",\nINDEX(Table1132[],MATCH('Price Check'!B4,Table1132[[COMPANY NAME ]],0),MATCH(\""CITY\"",Table1132[#Headers],0)),\nIF(INDEX(Table1132[],MATCH('Price Check'!B4,Table1132[[COMPANY NAME ]],0),MATCH(\""CITY\"",Table1132[#Headers],0))=\""\"",\""\"",\"", \""),\nINDEX(Table1132[],MATCH('Price Check'!B4,Table1132[[COMPANY NAME ]],0),MATCH(\""ST\"",Table1132[#Headers],0)),\"" \"",\nINDEX(Table1132[],MATCH('Price Check'!B4,Table1132[[COMPANY NAME ]],0),MATCH(\""ZIP\"",Table1132[#Headers],0))),\""\"")"", ""B6"", ""B6"", ""B6"", ""CONCATENATE(\""Quote Number: \"",'Price Check'!B9)"", ""IF('Price Check'!B12<>\""\"",CONCATENATE(\""\"",'Price Check'!B12),\""\"")""]",372,"[""AH101:AP101"", ""W139:AE139"", ""W141:AE141"", ""L100:T100"", ""B93:J93"", ""AH102:AP102"", ""AH94:AP94"", ""AH96:AP96"", ""AH97:AP97"", ""AH99:AP99"", ""AH100:AP100"", ""C128:I128"", ""C130:D130"", ""AH93:AP93"", ""F131:H131"", ""F114:H114"", ""F115:H115"", ""F117:H117"", ""F118:H118"", ""F119:H119""]",0,[],0
Price Estimator-Fybroc.xlsm,FYBROC,Fybroc Horizontal,visible,8,xl/worksheets/sheet8.xml,B1:W55,94,"[""IF('Price Check'!B9 = \""\"", \""\"", IF(ISERROR(FIND(\""F\"", 'Price Check'!B9)),'Price Check'!B9, REPLACE('Price Check'!B9, 1, 1, \""PS\"")))"", ""IF(D11 = \""\"", \""\"",IF(OR('Price Check'!B25=5500, 'Price Check'!B25=5530, 'Price Check'!B25=7530, 'Price Check'!B25=7500, 'Price Check'!B25=6000, 'Price Check'!B25=8500),\""This sheet is for horizontal pumps only\"",\n_xlfn.CONCAT(IF(_xlfn.FLOOR.MATH(D11/100) = 15, \""ANSI Horizontal Centrifugal Pump\"", IF(_xlfn.FLOOR.MATH(D11/100) =16, \""Self-Priming Centrifugal Pump\"", IF(_xlfn.FLOOR.MATH(D11/100) =25, \""Mag-Drive Centrifugal Pump\"", IF(_xlfn.FLOOR.MATH(D11/100) =26, \""Self-Priming Mag-Drive Centrifugal Pump\"", IF(_xlfn.FLOOR.MATH(D11/100) =30, \""Recessed Impeller Centrifugal Pump\"", \""Did you pick a 500 series? Why on earth would you do that?\""))))),IF(_xlfn.FLOOR.MATH((D11-50)/100)=_xlfn.FLOOR.MATH(D11/100), \"" (Isometric Flanges and Shaft)\"",IF(_xlfn.FLOOR.MATH((D11-30)/100)=_xlfn.FLOOR.MATH(D11/100), \"" (Close Coupled)\"", \""\"")))))"", ""IF(LEFT(INDEX(Tables!D438:AL438,1,MATCH('Price Check'!B26,Tables!D438:AL438,0)),10)<>LEFT(INDEX(Tables!D438:AL438,1,MATCH('Price Check'!B26,Tables!D438:AL438,0)+IF('Price Check'!B26=Tables!B48,0,1)),10),INDEX(Tables!D438:AL450,MATCH(IF('Price Check'!B25=1550,1500,IF('Price Check'!B25=1650,1600,'Price Check'!B25)),Tables!D438:D450,0),MATCH('Price Check'!B26,Tables!D438:AL438,0)),IF(INDEX(Tables!D438:AL450,MATCH(IF('Price Check'!B25=1550,1500,IF('Price Check'!B25=1650,1600,'Price Check'!B25)),Tables!D438:D450,0),MATCH('Price Check'!B26,Tables!D438:AL438,0))<>INDEX(Tables!D438:AL450,MATCH(IF('Price Check'!B25=1550,1500,IF('Price Check'!B25=1650,1600,'Price Check'!B25)),Tables!D438:D450,0),MATCH('Price Check'!B26,Tables!D438:AL438,0)+IF('Price Check'!B26=Tables!B48,0,1)),IF('Price Check'!B56=\""\"",\""Select Motor RPM First\"",IFERROR(INDEX(Table117[],MATCH(IF('Price Check'!B25=1550,1500,IF('Price Check'!B25=1650,1600,'Price Check'!B25)),Tables!D439:D450,0),MATCH(CONCATENATE('Price Check'!B26,\""-\"",Tables!B441),Tables!D438:AL438,0)),INDEX(Table117[],MATCH(IF('Price Check'!B25=1550,1500,IF('Price Check'!B25=1650,1600,'Price Check'!B25)),Tables!D439:D450,0),MATCH('Price Check'!B26,Tables!D438:AL438,0)))),INDEX(Tables!D438:AL450,MATCH(IF('Price Check'!B25=1550,1500,IF('Price Check'!B25=1650,1600,'Price Check'!B25)),Tables!D438:D450,0),MATCH('Price Check'!B26,Tables!D438:AL438,0))))"", ""B36+1"", ""IF(AND('Price Check'!B25<>\""\"", 'Price Check'!B26<>\""\""), IFERROR(INDEX('Spec. Tbls.'!E2:AM14, MATCH('Price Check'!B25, 'Spec. Tbls.'!E2:E14, 0), MATCH('Price Check'!B26, 'Spec. Tbls.'!E2:AM2, 0)), IF(_xlfn.FLOOR.MATH('Price Check'!B25/100) = _xlfn.FLOOR.MATH(('Price Check'!B25-50)/100),IFERROR(INDEX('Spec. Tbls.'!E2:AM14, MATCH('Price Check'!B25 - 50, 'Spec. Tbls.'!E2:E14, 0), MATCH('Price Check'!B26, 'Spec. Tbls.'!E2:AM2, 0)), \""Not a viable IEC size\""), IF('Price Check'!B25 = 6000,IFERROR(INDEX('Spec. Tbls.'!E2:AM14, 9, MATCH('Price Check'!B26, 'Spec. Tbls.'!E2:AM2, 0)), \""Not a viable size\""), IF('Price Check'!B25= 500, \""NO, DO NOT, YOU SHOULD NOT CONFIGURE A 500 SERIES\"", \""I don't even know how you got here\"")))), \""ENTER SERIES AND SIZE\"")"", ""B10+1"", ""IF(NOT('Price Check'!B25 = \""\""), 'Price Check'!B25, \""\"")"", ""IF('Price Check'!B51 = \""\"", \""\"", IF('Price Check'!B51 = \""No Testing\"", \""No Added Testing\"", 'Price Check'!B51))"", ""I10+1"", ""B11+1"", ""IF(NOT('Price Check'!B26 = \""\""), _xlfn.XLOOKUP('Price Check'!B26,'Spec. Tbls.'!B3:B24, 'Spec. Tbls.'!C3:C24,\""\"",0,1), \""\"")"", """", """", ""IF('Price Check'!B28 = \""VR-1 (Standard)\"", \""VR-1\"", IF('Price Check'!B28 = \""\"", \""\"", 'Price Check'!B28))"", ""IF(NOT('Price Check'!B36=\""\""),_xlfn.CONCAT('Price Check'!B36,\""''\""),\""INPUT IMPELLER TRIM\"")"", """", """", ""IF('Price Check'!B29 = \""Silicon Carbide (Standard)\"", \""Silicon Carbide\"", IF('Price Check'!B29 = \""303 SS (Standard)\"", \""303 SS\"", IF('Price Check'!B29 = \""\"", \""\"", 'Price Check'!B29)))"", ""_xlfn.CONCAT(O10,CHAR(34), \"" - \"", O9, CHAR(34))"", """"]",37,"[""B8:C8"", ""D8:F8"", ""B2:I4"", ""B5:I5"", ""B6:I6"", ""B7:C7"", ""D7:F7"", ""C22:D22"", ""G22:H22"", ""B9:I9"", ""C10:D10"", ""E10:E36"", ""F10:H10"", ""F11:H11"", ""F12:H12"", ""G13:H13"", ""G14:H14"", ""G15:H15"", ""F16:H16"", ""G17:H17""]",0,[],0
Price Estimator-Fybroc.xlsm,FYBROC,Fybroc Vertical,visible,9,xl/worksheets/sheet9.xml,B1:X46,74,"[""IF('Price Check'!B9 = \""\"", \""\"", IF(ISERROR(FIND(\""F\"", 'Price Check'!B9)),'Price Check'!B9, REPLACE('Price Check'!B9, 1, 1, \""PS\"")))"", ""IF(NOT(OR('Price Check'!B25=5500, 'Price Check'!B25=5530, 'Price Check'!B25=7530, 'Price Check'!B25=7500, 'Price Check'!B25=6000, 'Price Check'!B25=8500)),\""This sheet is for vertical pumps only\"",\nIF(D11 = 5500, \""Vertical Centrifugal Sump Pump\"", IF(D11 =5530, \""Vertical Dry Pit Pump (Externally Mounted)\"", IF(D11 =7500, \""Centrifugal Cantilever Pump\"", IF(D11 =7530, \""Close-Coupled Centrifugal Cantilever Pump\"", IF(D11 =6000, \""Vertical Recessed Impeller Centrifugal Pump\"", IF(D11 =8500, \""Vertical Turbine Pumps\"", \""I don't even know what you put in to get this text!\"")))))))"", ""TODAY()"", ""'Price Check'!O2"", ""B33+1"", ""B10+1"", ""IF(NOT('Price Check'!B25 = \""\""), 'Price Check'!B25, \""\"")"", ""IF('Price Check'!B51 = \""\"", \""\"", IF('Price Check'!B51 = \""No Testing\"", \""No Added Testing\"", 'Price Check'!B51))"", ""I10+1"", ""B11+1"", ""IF(NOT('Price Check'!B26 = \""\""), _xlfn.XLOOKUP('Price Check'!B26,'Spec. Tbls.'!B3:B24, 'Spec. Tbls.'!C3:C24,\""\"",0,1), \""\"")"", ""IF(G13 = \""\"",\""Motor\"", IF(AND('Fybroc Vertical'!G13 = \""Not Included\"", 'Price Check'!B53 <> \""\""), \""Motor (Minimum Motor Requirement)\"",\""Motor\""))"", """", ""B12+1"", ""IF('Price Check'!B28 = \""---\"", \""\"",IF('Price Check'!B28 = \""VR-1 (Standard)\"", \""VR-1\"", IF('Price Check'!B28 = \""\"", \""\"", 'Price Check'!B28)))"", ""IF('Price Check'!B47 = \""\"", \""\"", IF(OR(LEFT('Price Check'!B47, 8) = \""Supplied\"", LEFT('Price Check'!B47, 2) = \""No\""), \""Not Included\"", \""Included\""))"", """", """", ""IF('Price Check'!B29=\""---\"",\""\"",IF('Price Check'!B29=\""\"",\""\"",'Price Check'!B29))"", ""IF(AND(ISERROR(FIND(\""Shaft Grounding Ring\"",'M-$'!E171)),ISERROR(FIND(\""Shaft Grounding Ring\"",'M-$'!E172)),ISERROR(FIND(\""Shaft Grounding Ring\"",'M-$'!E173)),ISERROR(FIND(\""Shaft Grounding Ring\"",'M-$'!E174)),ISERROR(FIND(\""Shaft Grounding Ring\"",'M-$'!E175)),ISERROR(FIND(\""Shaft Grounding Ring\"",'M-$'!E176)),ISERROR(FIND(\""Shaft Grounding Ring\"",'M-$'!E177))),\""Constant Speed\"",\""Milti-Speed\"")""]",32,"[""B8:C8"", ""D8:F8"", ""B2:I4"", ""B5:I5"", ""B6:I6"", ""B7:C7"", ""D7:F7"", ""G21:H21"", ""B9:I9"", ""C10:D10"", ""E10:E33"", ""F10:H10"", ""F11:H11"", ""F12:H12"", ""G13:H13"", ""G14:H14"", ""G15:H15"", ""G16:H16"", ""G17:H17"", ""G18:H18""]",0,[],0
Price Estimator-Fybroc.xlsm,FYBROC,Spec. Tbls.,visible,10,xl/worksheets/sheet10.xml,B2:AM37,0,[],0,[],0,[],5
Price Estimator-Fybroc.xlsm,FYBROC,Tables,visible,11,xl/worksheets/sheet11.xml,A1:AL978,1249,"[""IF('Price Check'!$B$25=8500,$G27,IF('Price Check'!$B$25=\""\"",$N27,INDEX(Table156[],1,MATCH(CONCATENATE('Price Check'!$B$25,\""-Size\""),Table156[#Headers],0))))"", ""IF(OR('Price Check'!B25=1500,'Price Check'!B25=1550), VLOOKUP('Price Check'!B26,Table19[[SIZE (ANSI)]:[1500]],2,FALSE),\nIF('Price Check'!B25=1530, VLOOKUP('Price Check'!B26,Table19[[SIZE (ANSI)]:[1530]],3,FALSE),\nIF(OR('Price Check'!B25=1600,'Price Check'!B25=1650), VLOOKUP('Price Check'!B26,Table19[[SIZE (ANSI)]:[1600]],4,FALSE),\nIF('Price Check'!B25=1630, VLOOKUP('Price Check'!B26,Table19[[SIZE (ANSI)]:[1630]],5,FALSE),\""*\""))))"", ""I27*J27"", ""$D27"", ""N27"", ""N27"", ""N27"", ""N27"", ""N27"", ""N27"", ""IF('Price Check'!$B$25=8500,$G28,IF('Price Check'!$B$25=\""\"",$N28,INDEX(Table156[],2,MATCH(CONCATENATE('Price Check'!$B$25,\""-Size\""),Table156[#Headers],0))))"", ""IF(OR('Price Check'!B25=1500,'Price Check'!B25=1550,'Price Check'!B25=1600,'Price Check'!B25=1650),\nIF('Price Check'!B28=B79,\""1\"",IF(OR('Price Check'!B28=B80,'Price Check'!B28=B84),\""3\"",IF('Price Check'!B28=B81,\""2\"", IF(OR('Price Check'!B28=B83,'Price Check'!B28=B82),\""1\"", \""*\"")))),\nIF(OR('Price Check'!B25=1530,'Price Check'!B25=1630),\nIF('Price Check'!B27=1,IF('Price Check'!B28=B79,\""1\"", IF(OR('Price Check'!B28=B80,'Price Check'!B28=B84),\""3\"", IF('Price Check'!B28=B81,\""2\"", IF(OR('Price Check'!B28=B83,'Price Check'!B28=B82),\""1\"", \""*\"")))),\""\""),\""*\""))"", """", """", """", """", """", ""N28"", ""N28"", ""N28""]",1,"[""E682:F682""]",0,[],95
Price Estimator-Fybroc.xlsm,FYBROC,Baseplate,visible,12,xl/worksheets/sheet12.xml,A1:BX367,8448,"[""INDEX(A5:AC5,MAX(IF(A5:AC91=D1,COLUMN(A5:AC91))))"", ""INDEX(A5:AC5,MIN(IF(A5:AC91=\""02341d081z\"",COLUMN(A5:AC91))))"", ""175/0.95"", ""ROUND(260/0.95,0)"", ""INDEX(A5:A91,MIN(IF(A5:AC91=\""02341d081z\"",ROW(A5:AC91)-ROW(A5)+1)))"", ""1044/0.95+184"", ""1340/0.95+184"", ""902/0.95+55"", ""INDEX(A5:A91,MAX(IF(A5:AC91=\""02341d081z\"",ROW(A5:AC91)-ROW(A5)+1)))"", ""IF(ISNUMBER(B6),ROUND(B6*1.118,0),B6)"", ""IF(ISNUMBER(C6),ROUND(C6*1.118,0),C6)"", ""IF(ISNUMBER(D6),ROUND(D6*1.118,0),D6)"", ""IF(ISNUMBER(E6),ROUND(E6*1.118,0),E6)"", ""IF(ISNUMBER(F6),ROUND(F6*1.118,0),F6)"", ""IF(ISNUMBER(G6),ROUND(G6*1.118,0),G6)"", ""IF(ISNUMBER(H6),ROUND(H6*1.118,0),H6)"", ""IF(ISNUMBER(I6),ROUND(I6*1.118,0),I6)"", ""IF(ISNUMBER(J6),ROUND(J6*1.118,0),J6)"", ""IF(ISNUMBER(K6),ROUND(K6*1.118,0),K6)"", ""IF(ISNUMBER(L6),ROUND(L6*1.118,0),L6)""]",1,"[""H98:I98""]",0,[],9
Price Estimator-Fybroc.xlsm,FYBROC,M-Req,visible,13,xl/worksheets/sheet13.xml,A1:V81,73,"[""'Price Check'!B13"", ""IF('Price Check'!$O$2=\""JHO\"", \""John Opiola\"", IF('Price Check'!$O$2=\""JGF\"", \""Justin G. Foulke\"",IF('Price Check'!$O$2=\""VN\"", \""Victor Nassar\"",IF('Price Check'!$O$2=\""NF\"", \""Nick Fecondo\"",IF('Price Check'!$O$2=\""CB\"", \""Craig Baker\"",IF('Price Check'!$O$2=\""RC\"", \""Ryan Candelori\"",IF('Price Check'!$O$2=\""ST\"", \""Sean Thomas\"",\""   \"")))))))"", ""IF('Price Check'!D47<>\""\"",UPPER('Price Check'!D47),\""TBD\"")"", ""CONCATENATE(L2, \"" \"",'Price Check'!B22)"", ""CONCATENATE('Price Check'!B4, \"" PO# \"",'Price Check'!B14)"", ""'Price Check'!C63"", ""'Price Check'!C83"", ""IF('Price Check'!F8=\""*\"",\""SELECT MOTOR SPECS\"",IF(RIGHT('Price Check'!F8,2) = \""-P\"",LEFT('Price Check'!F8,LEN('Price Check'!F8)-2),IF(RIGHT('Price Check'!F8,1)=\""P\"",LEFT('Price Check'!F8,LEN('Price Check'!F8)-1),'Price Check'!F8)))"", ""CONCATENATE(IF(AND(I58=\""kW\""),CONCATENATE(VLOOKUP(H58,Table11[],2,FALSE),\""HP \""),\""\""),IF(AND(I58=\""HP\"",H56=\""IEC\""),CONCATENATE(VLOOKUP(H58,Table11[],3,FALSE),\""kW \""),\""\""),\""(\"",H58,I58,\""), \"",H59,\""RPM, \"",H60)"", ""IF(OR(ISNUMBER(SEARCH(\""NV\"",$H$25)),$L$55<>40),\""DON'T FORGET TO ADD A LINE ITEM FOR THE DRIP COVER\"",IF(AND(RIGHT(H55,2)=\""JM\"",H60=\""Mill & Chem\"",OR(H63=\""3/50\"",H63=\""3/(50/60)\"")),\""IF RERATING A M&C JM MOTOR FOR 50Hz DO NOT MENTION THE S.F. IN THE NAMEPLATE CHANGE\"",\""\""))"", ""IF('Price Check'!F18=\""*\"",\""SELECT MOTOR SPECS\"",IF(RIGHT('Price Check'!F18,2) = \""-P\"",LEFT('Price Check'!F18,LEN('Price Check'!F18)-2),\nIF(ISNUMBER(FIND(\""-\"",'Price Check'!F18)),_xlfn.CONCAT(LEFT('Price Check'!F18,FIND(\""-\"",'Price Check'!F18)),SUBSTITUTE(MID('Price Check'!F18,FIND(\""-\"",'Price Check'!F18)+1,20),\""P\"",\""\"")),\n'Price Check'!F18)))"", ""CONCATENATE(H57,\"" \"",H55,\"" \"",H56,\"" Motor\"",IF(AND(H57=\""Vertical\"",H60<>Tables!B166),\"" w/ Drip Cover\"",\""\""))"", ""IF(OR(ISNUMBER(SEARCH(\""NV\"",$H$25)),$L$55<>40),\""(REQUIRED ONLY FOR TECO NV MOTORS)\"",\""\"")"", ""CONCATENATE(H62,\""/\"",H63)"", ""IF('M-$'!E167<>\""OK\"",\""CONFIRM:  FYBROC P/N,  DESCRIPTION,  VENDOR P/N,  PRICE & COST\"",\""\"")"", ""CONCATENATE(H61,\"" Efficiency\"", \"", SF=\"",H64)"", ""IF(ISNUMBER(SEARCH(\""Routine Motor Test\"",'Price Check'!B51)),\""** Routine Motor Test **\"",\""\"")"", ""IF('M-$'!E167=\""OK\"",\nIF(NOT(OR('Price Check'!D63=\""\"",'Price Check'!D63=\""N/A\"")),\n'Price Check'!D63,\""(enter vendor part number)\""),\nIF(OR('M-$'!K167=\""OK\"",'M-$'!K167=\""Not OK\""),\""Part# Unknown\"",\n'M-$'!K167))"", ""IF(S25<>\""\"",S25,IF(OR('M-$'!E167=\""OK\"",IF('M-$'!K168=\""Yes\"",1,0)+IF('M-$'!K180=\""Yes\"",1,0)+IF('M-$'!K192=\""Yes\"",1,0)=1),\nIF('Price Check'!D83=IF('Price Check'!B25=7530,\""Included\"",\nROUND(IF(OR('Price Check'!B47=\""\"",'Price Check'!B47=Tables!B184,'Price Check'!B47=Tables!B182),0,\nIF(AND('Price Check'!B47=Tables!B183,ISNUMBER(VALUE(LEFT('Price Check'!B46,3))),'Price Check'!B54<>\""Vertical\""),\nINDEX(Table158[],IF(VALUE(LEFT('Price Check'!B46,3))<=215,1,IF(AND(VALUE(LEFT('Price Check'!B46,3))>215,VALUE(LEFT('Price Check'!B46,3))<=286),2,IF(VALUE(LEFT('Price Check'!B46,3))>=324,3,0))),MATCH(CONCATENATE(\""Group-\"",'Price Check'!B27),Adders!B127:B130,0)),\nIF(AND('Price Check'!B47=Tables!B183,'Price Check'!B54=\""Vertical\""),\""C/F\"",\nIF('M-$'!E167=\""OK\"",'M-#'!AV11,IF('M-$'!E168=\""Yes\"",'M-$'!I178,\nIF('M-$'!E180=\""Yes\"",'M-$'!I190,\nIF('M-$'!E192=\""Yes\"",'M-$'!I202,\""\"")))))))\n/IF('Price Check'!D78=2016,IF('Price Check'!B47=Tables!B183,1,0.945),1),0)),\n\nIF(AND('Price Check'!B53=Tables!B337,OR(AND('Price Check'!B57=Tables!B165,'Price Check'!B58=Tables!B174),AND('Price Check'!B57=Tables!B164,'Price Check'!B58=Tables!B174),AND('Price Check'!B57=Tables!B164,'Price Check'!B58=Tables!B173)),'Price Check'!B59=Tables!B307,'Price Check'!B60=Tables!B333,ISNUMBER(SEARCH(\""JM\"",'Price Check'!B46)),'Price Check'!C63='M-#'!AF25,OR('Price Check'!C64=\""\"",'Price Check'!C64=Tables!B414)),\nIF(AND('Price Check'!B57=Tables!B165,'Price Check'!B58=Tables!B174),\nINDEX(Table119[],MATCH(CONCATENATE('Price Check'!B55,\""-\"",'Price Check'!B56,\""-\"",'Price Check'!B46),'M-$'!D70:D106,0),MATCH(\""COST\"",Table119[#Headers],0)),\nINDEX(Table120[],MATCH(CONCATENATE('Price Check'!B55,\""-\"",'Price Check'!B56,\""-\"",'Price Check'!B46),'M-$'!I70:I106,0),IF('Price Check'!B58=Tables!B174,MATCH(\""Prem Cost\"",Table120[#Headers],0),MATCH(\""Std Cost\"",Table120[#Headers],0)))),\nIF(AND('Price Check'!C63=\""TECO\"",H25<>\""Part# Unknown\""),IFERROR(VLOOKUP(H25,'M-$'!GU:GV,2,FALSE),IFERROR(VLOOKUP(H25,'M-$'!GW:GX,2,FALSE),IFERROR(VLOOKUP(H25,'M-$'!GY:GZ,2,FALSE),IFERROR(VLOOKUP(H25,'M-$'!HA:HB,2,FALSE),IFERROR(VLOOKUP(H25,'M-$'!HC:HD,2,FALSE),IFERROR(VLOOKUP(H25,'M-$'!HE:HF,2,FALSE),IFERROR(VLOOKUP(H25,'M-$'!HG:HH,2,FALSE),IFERROR(VLOOKUP(H25,'M-$'!HI:HJ,2,FALSE),IFERROR(VLOOKUP(H25,'M-$'!HK:HL,2,FALSE),IFERROR(VLOOKUP(H25,'M-$'!HM:HN,2,FALSE),IFERROR(VLOOKUP(H25,'M-$'!HO:HP,2,FALSE),IFERROR(VLOOKUP(H25,'M-$'!HQ:HR,2,FALSE),IFERROR(VLOOKUP(H25,'M-$'!HS:HT,2,FALSE),IFERROR(VLOOKUP(H25,'M-$'!HU:HV,2,FALSE),IFERROR(VLOOKUP(H25,'M-$'!HW:HX,2),\""\""))))))))))))))),\""\"")),\n\""\""),\""\""))"", ""IF(M25<>\""\"",CONCATENATE(\""GM = \"",ROUND(100*(1-(SUM(M25:M33)/'Price Check'!F83)),1),\""%\""),\""\"")""]",117,"[""A5:I5"", ""M5:N5"", ""A6:I6"", ""K6:N6"", ""A7:I7"", ""K7:N7"", ""A1:N1"", ""A2:K2"", ""L2:N2"", ""A3:K3"", ""L3:N3"", ""A4:N4"", ""A11:B11"", ""D11:F11"", ""G11:J11"", ""K11:N11"", ""A12:F12"", ""G12:H12"", ""I12:N12"", ""A8:N8""]",0,[],0
Price Estimator-Fybroc.xlsm,FYBROC,Mod Master List,visible,14,xl/worksheets/sheet14.xml,A1:F537,0,[],0,[],0,[],0
Price Estimator-Fybroc.xlsm,FYBROC,M-#,visible,15,xl/worksheets/sheet15.xml,A1:BE69,157,"[""IF(OR(B9=\""\"",D9=\""\"",G9=\""\"",J9=\""\"",M9=\""\"",P9=\""\"",S9=\""\"",V9=\""\"",Y9=\""\"",AB9=\""\"",AF9=\""\""),\""*\"",CONCATENATE(B9,D9,G9,J9,M9,P9,S9,V9,Y9,AB9,AF9,IF(AK9<>\""\"",CONCATENATE(AI9,AK9),\""\"")))"", ""CONCATENATE(\""MOTOR, \"",VLOOKUP(D9,Standard_Table,2,FALSE),\"", \"",VLOOKUP(G9,Orientation_Table,2,FALSE),\"", \"",VLOOKUP(J9,Horsepower_Table,2,FALSE),\""/\"",IF(VALUE(S9)=6,VLOOKUP(M9,Poles_Table,2,FALSE),IF(VALUE(S9)=5,VLOOKUP(M9,Poles_Table,3,FALSE),VLOOKUP(M9,Poles_Table,4,FALSE))),\""/\"",VLOOKUP(P9,Voltage_Table,2,FALSE),\""/3/\"",VLOOKUP(VALUE(S9),Frequency_Table,2,FALSE),\""/\"",IF(D9=\""N\"",VLOOKUP(V9,Frame_Table,2,FALSE),VLOOKUP(V9,Frame_Table,3,FALSE)),\""/\"",VLOOKUP(Y9,Enclosure_Table,2,FALSE),\""/\"",VLOOKUP(AB9,Efficiency_Table,2,FALSE),IF(G9=\""P\"",\""-HT\"",\""\""),\nIF(AL11=\""\"",\""\"",\""/\""&VLOOKUP(AL11,ModList[],3,FALSE)),\nIF(AL12=\""\"",\""\"",\""/\""&VLOOKUP(AL12,ModList[],3,FALSE)),\nIF(AL13=\""\"",\""\"",\""/\""&VLOOKUP(AL13,ModList[],3,FALSE)),\nIF(AL14=\""\"",\""\"",\""/\""&VLOOKUP(AL14,ModList[],3,FALSE)),\nIF(AL15=\""\"",\""\"",\""/\""&VLOOKUP(AL15,ModList[],3,FALSE)),\nIF(AL16=\""\"",\""\"",\""/\""&VLOOKUP(AL16,ModList[],3,FALSE)),\nIF(AL17=\""\"",\""\"",\""/\""&VLOOKUP(AL17,ModList[],3,FALSE)))"", ""IF(OR(B10=\""\"",D10=\""\"",G10=\""\"",J10=\""\"",M10=\""\"",P10=\""\"",S10=\""\"",V10=\""\"",Y10=\""\"",AB10=\""\"",AF10=\""\""),\""*\"",CONCATENATE(B10,D10,G10,J10,M10,P10,S10,V10,Y10,AB10,AF10,IF(AK10<>\""\"",CONCATENATE(AI10,AK10),\""\"")))"", ""CONCATENATE(\""MOTOR, \"",VLOOKUP(D10,Standard_Table,2,FALSE),\"", \"",VLOOKUP(G10,Orientation_Table,2,FALSE),\"", \"",VLOOKUP(J10,Horsepower_Table,2,FALSE),\""/\"",IF(VALUE(M10)=6,VLOOKUP(P10,Poles_Table,2,FALSE),IF(VALUE(M10)=5,VLOOKUP(P10,Poles_Table,3,FALSE),VLOOKUP(P10,Poles_Table,4,FALSE))),\""/\"",VLOOKUP(Y10,Voltage_Table,2,FALSE),\""/3/\"",VLOOKUP(VALUE(M10),Frequency_Table,2,FALSE),\""/\"",IF(D10=\""N\"",VLOOKUP(AB10,Frame_Table,2,FALSE),VLOOKUP(AB10,Frame_Table,3,FALSE)),\""/\"",VLOOKUP(S10,Enclosure_Table,2,FALSE),\""/\"",VLOOKUP(V10,Efficiency_Table,2,FALSE),IF(AK10=\""\"",\""\"",\""/SPL\""),IF(G10=\""P\"",\""-HT\"",\""\""))"", ""B10"", ""D10"", ""G10"", ""J10"", ""P10"", ""Y10"", ""M10"", ""LEFT(SUBSTITUTE(SUBSTITUTE(AB10,\""B1\"",\""1\""),\""B2\"",\""2\""),1)"", ""S10"", ""V10"", ""IF('Price Check'!B63=\""Fybroc Choice\"",AG34,SUBSTITUTE(AF10,\""TB\"",\""H\""))"", ""IF('M-$'!E167<>\""OK\"",_xlfn.CONCAT(_xlfn.ANCHORARRAY(AL11)),\""\"")"", ""'Price Check'!B53"", ""IF('Price Check'!B53=Tables!B337,\""N\"",IF('Price Check'!B53=Tables!B338,\""E\"",\""\""))"", ""IF(AND('Price Check'!B46<>\""#N/A\"",'Price Check'!B54<>\""#N/A\""),VLOOKUP(G30,Table33,2,FALSE),\""\"")"", ""IF('Price Check'!B55<>\""\"",VLOOKUP(IF('Price Check'!C55=Tables!B342,INDEX(Tables!B133:D152,MATCH('Price Check'!B55,Tables!D133:D152,0),2),'Price Check'!B55),Table34,2,FALSE),\""\"")""]",0,[],0,[],4
Price Estimator-Fybroc.xlsm,FYBROC,M-$,visible,16,xl/worksheets/sheet16.xml,A1:IA266,520,"[""COLUMN(GU8)"", ""COLUMN(GV8)"", """", """", """", """", """", """", """", """", """", """", """", """", """", """", """", """", """", """"]",3,"[""B177:C177"", ""B189:C189"", ""B201:C201""]",8,"[""{\""type\"":\""list\"",\""sqref\"":\""L170\"",\""operator\"":null,\""allowBlank\"":\""1\""}"", ""{\""type\"":\""list\"",\""sqref\"":\""L182\"",\""operator\"":null,\""allowBlank\"":\""1\""}"", ""{\""type\"":\""list\"",\""sqref\"":\""L194\"",\""operator\"":null,\""allowBlank\"":\""1\""}"", ""{\""type\"":\""list\"",\""sqref\"":\""N168 N180 N192 B177 C171:C176 B189 C183:C188 B201 C195:C200\"",\""operator\"":null,\""allowBlank\"":\""1\""}"", ""{\""type\"":\""list\"",\""sqref\"":\""E180 E168 E192\"",\""operator\"":null,\""allowBlank\"":\""1\""}"", ""{\""type\"":null,\""sqref\"":\""P194 P182 P170\"",\""operator\"":null,\""allowBlank\"":\""1\""}"", ""{\""type\"":\""list\"",\""sqref\"":\""K168 K192 K180\"",\""operator\"":null,\""allowBlank\"":\""1\""}"", ""{\""type\"":\""list\"",\""sqref\"":\""M168 L195:L201 L183:L189 L171:L177 M180 M192\"",\""operator\"":null,\""allowBlank\"":\""1\""}""]",35
Price Estimator-Fybroc.xlsm,FYBROC,Motor Master List,hidden,17,xl/worksheets/sheet17.xml,A1:L2934,0,[],0,[],0,[],1
Price Estimator-Fybroc.xlsm,FYBROC,M-$$,visible,18,xl/worksheets/sheet18.xml,A1:AX835,21525,"[""IFERROR(ROUND(G2/0.945,0)*0.314,\""---\"")"", ""IFERROR(F2*0.7,\""---\"")"", ""IFERROR(IF(AE2=\""TECO\"",O2,IF(AE2=\""Baldor\"",R2,\""\"")),\""---\"")"", ""IFERROR(IF(AND(H2<>\""\"",H2<>0,I2<>\""\"",I2<>0),1-I2/H2,\""\""),\""---\"")"", ""IFERROR(IF(AE2=\""TECO\"",INDEX(TECO[#Data],MATCH(AF2,TECO[TECO_PN],0),MATCH(\""List2\"",TECO[#Headers],0)),\""\""),\""---\"")"", ""IFERROR(IF(AE2=\""TECO\"",INDEX(TECO[#Data],MATCH(AF2,TECO[TECO_PN],0),MATCH(\""List3\"",TECO[#Headers],0)),\""\""),\""---\"")"", ""IFERROR((Table1218[[#This Row],[TECO List Adjusted]]-Table1218[[#This Row],[TECO List]])/Table1218[[#This Row],[TECO List]],\""---\"")"", ""IFERROR(IF(AE2=\""TECO\"",INDEX(TECO[#Data],MATCH(AF2,TECO[TECO_PN],0),MATCH(\""Cost\"",TECO[#Headers],0)),\""\""),\""---\"")"", ""IFERROR((Table1218[[#This Row],[TECO Cost Adjusted]]-Table1218[[#This Row],[Teco Cost]])/Table1218[[#This Row],[Teco Cost]],\""---\"")"", ""IFERROR(IF(AE2=\""Baldor\"",INDEX(Baldor[#Data],MATCH(CONCATENATE(B2,\""-\"",C2,\""-\"",D2,\""-\"",E2),Baldor[Code],0),MATCH(\""List\"",Baldor[#Headers],0)),\""\""),\""---\"")"", ""IFERROR(IF(AE2=\""Baldor\"",INDEX(Baldor[#Data],MATCH(CONCATENATE(B2,\""-\"",C2,\""-\"",D2,\""-\"",E2),Baldor[Code],0),MATCH(\""Cost\"",Baldor[#Headers],0)),\""\""),\""---\"")"", ""IFERROR(IF(AE2=\""TECO\"",INDEX(Toshiba_TECO[#Data],MATCH(AF2,Toshiba_TECO[TECO PN],0),MATCH(\""List Price\"",Toshiba_TECO[#Headers],0)),\nIF(AE2=\""Baldor\"",INDEX(Toshiba_Baldor[#Data],MATCH(CONCATENATE(B2,\""-\"",C2,\""-\"",D2,\""-\"",E2),Toshiba_Baldor[Code],0),MATCH(\""List Price\"",Toshiba_Baldor[#Headers],0)),\""\"")),\""---\"")"", ""IFERROR(IF(AE2=\""TECO\"",INDEX(Toshiba_TECO[#Data],MATCH(AF2,Toshiba_TECO[TECO PN],0),MATCH(\""Net Price\"",Toshiba_TECO[#Headers],0)),\nIF(AE2=\""Baldor\"",INDEX(Toshiba_Baldor[#Data],MATCH(CONCATENATE(B2,\""-\"",C2,\""-\"",D2,\""-\"",E2),Toshiba_Baldor[Code],0),MATCH(\""Net Price\"",Toshiba_Baldor[#Headers],0)),\""\"")),\""---\"")"", ""IFERROR(1-IF(AE2=\""TECO\"",O2,IF(AE2=\""Baldor\"",R2))/T2,\""---\"")"", ""IFERROR(IF(AD2<>\""\"",ROUND((AD2/(1-T$6))/0.7,0),\""\""),\""---\"")"", ""IFERROR(IF(AND(F2<>\""\"",V2<>\""\""),1-V2/F2,\""\""),\""---\"")"", ""IFERROR(1-V2/AC2,\""---\"")"", ""IFERROR(IF(AND(Y2<>\""\"",AD2<>\""\""),1-AD2/(Y2*0.7),\""\""),\""---\"")"", ""IFERROR(IF(AND(K2<>\""\"",Q2<>\""\"",S2<>\""\""),IF(AND(K2<Q2,K2<S2),\""TECO\"",IF(AND(Q2<K2,Q2<S2),\""Baldor\"",IF(AND(S2<K2,S2<Q2),\""Toshiba\"",\""---\""))),\nIF(AND(K2<>\""\"",Q2<>\""\""),IF((K2<Q2),\""TECO\"",IF((Q2<K2),\""Baldor\"",\""---\"")),\nIF(AND(K2<>\""\"",S2<>\""\""),IF((K2<S2),\""TECO\"",IF((S2<K2),\""Toshiba\"",\""---\"")),\nIF(AND(Q2<>\""\"",S2<>\""\""),IF((Q2<S2),\""Baldor\"",IF((S2<Q2),\""Toshiba\"",\""---\"")),\nIF(K2<>\""\"",\""TECO\"",IF(Q2<>\""\"",\""Baldor\"",IF(S2<>\""\"",\""Toshiba\"",\""\""))))))),\""---\"")"", ""IFERROR(IF(AND(O2<>\""\"",R2<>\""\"",T2<>\""\""),IF(AND(O2<R2,O2<T2),\""TECO\"",IF(AND(R2<O2,R2<T2),\""Baldor\"",IF(AND(T2<O2,T2<R2),\""Toshiba\"",\""---\""))),\nIF(AND(O2<>\""\"",R2<>\""\""),IF((O2<R2),\""TECO\"",IF((R2<O2),\""Baldor\"",\""---\"")),\nIF(AND(O2<>\""\"",T2<>\""\""),IF((O2<T2),\""TECO\"",IF((T2<O2),\""Toshiba\"",\""---\"")),\nIF(AND(R2<>\""\"",T2<>\""\""),IF((R2<T2),\""Baldor\"",IF((T2<R2),\""Toshiba\"",\""---\"")),\nIF(O2<>\""\"",\""TECO\"",IF(R2<>\""\"",\""Baldor\"",IF(T2<>\""\"",\""Toshiba\"",\""\""))))))),\""---\"")""]",0,[],0,[],1
Price Estimator-Fybroc.xlsm,FYBROC,TECO,hidden,19,xl/worksheets/sheet19.xml,C2:AA1076,4160,"[""IFERROR(INDEX(TECO_List[],MATCH(C3,TECO_List[PN],0),MATCH(\""List\"",TECO_List[#Headers],0)),\""\"")"", ""IFERROR(INDEX(TECO235[],MATCH(C3,TECO235[PN],0),MATCH(\""List Price\"",TECO235[#Headers],0)),\""\"")"", ""IFERROR(INDEX(TECO_List[],MATCH(C4,TECO_List[PN],0),MATCH(\""List\"",TECO_List[#Headers],0)),\""\"")"", ""IFERROR(INDEX(TECO235[],MATCH(C4,TECO235[PN],0),MATCH(\""List Price\"",TECO235[#Headers],0)),\""\"")"", ""IFERROR(INDEX(TECO_List[],MATCH(C5,TECO_List[PN],0),MATCH(\""List\"",TECO_List[#Headers],0)),\""\"")"", ""IFERROR(INDEX(TECO235[],MATCH(C5,TECO235[PN],0),MATCH(\""List Price\"",TECO235[#Headers],0)),\""\"")"", ""IFERROR(INDEX(TECO_List[],MATCH(C6,TECO_List[PN],0),MATCH(\""List\"",TECO_List[#Headers],0)),\""\"")"", ""IFERROR(INDEX(TECO235[],MATCH(C6,TECO235[PN],0),MATCH(\""List Price\"",TECO235[#Headers],0)),\""\"")"", ""IFERROR(INDEX(TECO_List[],MATCH(C7,TECO_List[PN],0),MATCH(\""List\"",TECO_List[#Headers],0)),\""\"")"", ""IFERROR(INDEX(TECO235[],MATCH(C7,TECO235[PN],0),MATCH(\""List Price\"",TECO235[#Headers],0)),\""\"")"", ""IFERROR(INDEX(TECO_List[],MATCH(C8,TECO_List[PN],0),MATCH(\""List\"",TECO_List[#Headers],0)),\""\"")"", ""IFERROR(INDEX(TECO235[],MATCH(C8,TECO235[PN],0),MATCH(\""List Price\"",TECO235[#Headers],0)),\""\"")"", ""IFERROR(INDEX(TECO_List[],MATCH(C9,TECO_List[PN],0),MATCH(\""List\"",TECO_List[#Headers],0)),\""\"")"", ""IFERROR(INDEX(TECO235[],MATCH(C9,TECO235[PN],0),MATCH(\""List Price\"",TECO235[#Headers],0)),\""\"")"", ""IFERROR(INDEX(TECO_List[],MATCH(C10,TECO_List[PN],0),MATCH(\""List\"",TECO_List[#Headers],0)),\""\"")"", ""IFERROR(INDEX(TECO235[],MATCH(C10,TECO235[PN],0),MATCH(\""List Price\"",TECO235[#Headers],0)),\""\"")"", ""IFERROR(INDEX(TECO_List[],MATCH(C11,TECO_List[PN],0),MATCH(\""List\"",TECO_List[#Headers],0)),\""\"")"", ""IFERROR(INDEX(TECO235[],MATCH(C11,TECO235[PN],0),MATCH(\""List Price\"",TECO235[#Headers],0)),\""\"")"", ""IFERROR(INDEX(TECO_List[],MATCH(C12,TECO_List[PN],0),MATCH(\""List\"",TECO_List[#Headers],0)),\""\"")"", ""IFERROR(INDEX(TECO235[],MATCH(C12,TECO235[PN],0),MATCH(\""List Price\"",TECO235[#Headers],0)),\""\"")""]",0,[],0,[],6
Price Estimator-Fybroc.xlsm,FYBROC,Baldor,visible,20,xl/worksheets/sheet20.xml,B3:M76,182,"[""$B$3&\""-\""&B4"", ""IFERROR(ROUND(E4/0.351,0),\""---\"")"", ""$H$3&\""-\""&H4"", ""$B$3&\""-\""&B5"", """", ""$H$3&\""-\""&H5"", """", """", """", """", """", """", """", """", """", """", """", """", """", """"]",0,[],0,[],1
Price Estimator-Fybroc.xlsm,FYBROC,Toshiba,hidden,21,xl/worksheets/sheet21.xml,A2:AO2033,2807,"[""AH5=Baldor!C4"", ""L5*M5"", ""IFERROR(IF(AND(OR(D5=\""230/460\"",D5=460),INDEX(Table1218[#Data],MATCH(CONCATENATE(O5,\nINDEX(HP[#Data],MATCH(B5,HP[HP],0),1),\nINDEX(RPM[#Data],MATCH(C5,RPM[RPM],0),1),P5),Table1218[TECO PN],0),MATCH(\""FRAME\"",Table1218[#Headers],0))=E5),\nCONCATENATE(O5,\nINDEX(HP[#Data],MATCH(B5,HP[HP],0),1),\nINDEX(RPM[#Data],MATCH(C5,RPM[RPM],0),1),P5),\""\""),\""---\"")"", ""IF(V5=\""230/460\"",CONCATENATE(AG5,\""-\"",T5,\""-\"",U5,\""-\"",W5),\""---\"")"", ""IFERROR(INDEX(Baldor[],MATCH(AH5,Baldor[Code],0),MATCH(\""PN\"",Baldor[#Headers],0)),\""\"")"", ""L6*M6"", ""IFERROR(IF(AND(OR(D6=\""230/460\"",D6=460),INDEX(Table1218[#Data],MATCH(CONCATENATE(O6,\nINDEX(HP[#Data],MATCH(B6,HP[HP],0),1),\nINDEX(RPM[#Data],MATCH(C6,RPM[RPM],0),1),P6),Table1218[TECO PN],0),MATCH(\""FRAME\"",Table1218[#Headers],0))=E6),\nCONCATENATE(O6,\nINDEX(HP[#Data],MATCH(B6,HP[HP],0),1),\nINDEX(RPM[#Data],MATCH(C6,RPM[RPM],0),1),P6),\""\""),\""---\"")"", """", ""IFERROR(INDEX(Baldor[],MATCH(AH6,Baldor[Code],0),MATCH(\""PN\"",Baldor[#Headers],0)),\""\"")"", """", ""IFERROR(IF(AND(OR(D7=\""230/460\"",D7=460),INDEX(Table1218[#Data],MATCH(CONCATENATE(O7,\nINDEX(HP[#Data],MATCH(B7,HP[HP],0),1),\nINDEX(RPM[#Data],MATCH(C7,RPM[RPM],0),1),P7),Table1218[TECO PN],0),MATCH(\""FRAME\"",Table1218[#Headers],0))=E7),\nCONCATENATE(O7,\nINDEX(HP[#Data],MATCH(B7,HP[HP],0),1),\nINDEX(RPM[#Data],MATCH(C7,RPM[RPM],0),1),P7),\""\""),\""---\"")"", """", ""IFERROR(INDEX(Baldor[],MATCH(AH7,Baldor[Code],0),MATCH(\""PN\"",Baldor[#Headers],0)),\""\"")"", """", ""IFERROR(IF(AND(OR(D8=\""230/460\"",D8=460),INDEX(Table1218[#Data],MATCH(CONCATENATE(O8,\nINDEX(HP[#Data],MATCH(B8,HP[HP],0),1),\nINDEX(RPM[#Data],MATCH(C8,RPM[RPM],0),1),P8),Table1218[TECO PN],0),MATCH(\""FRAME\"",Table1218[#Headers],0))=E8),\nCONCATENATE(O8,\nINDEX(HP[#Data],MATCH(B8,HP[HP],0),1),\nINDEX(RPM[#Data],MATCH(C8,RPM[RPM],0),1),P8),\""\""),\""---\"")"", """", ""IFERROR(INDEX(Baldor[],MATCH(AH8,Baldor[Code],0),MATCH(\""PN\"",Baldor[#Headers],0)),\""\"")"", """", ""IFERROR(IF(AND(OR(D9=\""230/460\"",D9=460),INDEX(Table1218[#Data],MATCH(CONCATENATE(O9,\nINDEX(HP[#Data],MATCH(B9,HP[HP],0),1),\nINDEX(RPM[#Data],MATCH(C9,RPM[RPM],0),1),P9),Table1218[TECO PN],0),MATCH(\""FRAME\"",Table1218[#Headers],0))=E9),\nCONCATENATE(O9,\nINDEX(HP[#Data],MATCH(B9,HP[HP],0),1),\nINDEX(RPM[#Data],MATCH(C9,RPM[RPM],0),1),P9),\""\""),\""---\"")"", """"]",0,[],0,[],3
Price Estimator-Fybroc.xlsm,FYBROC,MODS,visible,22,xl/worksheets/sheet22.xml,B2:BT121,1189,"[""IFERROR(INDEX(MOD[#Data],MATCH(N3,MOD[mod1],0),MATCH(\""140\"",MOD[#Headers],0)),\""\"")"", ""IFERROR((TECOMod[[#This Row],[143/145 Modified]]-TECOMod[[#This Row],[143/145]])/TECOMod[[#This Row],[143/145 Modified]],\""N/A\"")"", ""IFERROR(INDEX(MOD[#Data],MATCH(N3,MOD[mod1],0),MATCH(\""140\"",MOD[#Headers],0)),\""\"")"", ""IFERROR((TECOMod[[#This Row],[182/184 Modified]]-TECOMod[[#This Row],[182/184]])/TECOMod[[#This Row],[182/184]],\""N/A\"")"", ""IFERROR(INDEX(MOD[#Data],MATCH(N3,MOD[mod1],0),MATCH(\""210\"",MOD[#Headers],0)),\""\"")"", ""IFERROR((TECOMod[[#This Row],[213/215 Modified]]-TECOMod[[#This Row],[213/215]])/TECOMod[[#This Row],[213/215]],\""N/A\"")"", ""IFERROR(INDEX(MOD[#Data],MATCH(N3,MOD[mod1],0),MATCH(\""250\"",MOD[#Headers],0)),\""\"")"", ""IFERROR((TECOMod[[#This Row],[182/184 Modified]]-TECOMod[[#This Row],[254/256]])/TECOMod[[#This Row],[254/256]],\""N/A\"")"", ""IFERROR(INDEX(MOD[#Data],MATCH(N3,MOD[mod1],0),MATCH(\""280\"",MOD[#Headers],0)),\""\"")"", ""IFERROR((TECOMod[[#This Row],[284/286 Modified]]-TECOMod[[#This Row],[284/286]])/TECOMod[[#This Row],[284/286]],\""N/A\"")"", ""IFERROR(INDEX(MOD[#Data],MATCH(N3,MOD[mod1],0),MATCH(\""320\"",MOD[#Headers],0)),\""\"")"", ""IFERROR((TECOMod[[#This Row],[324/326 Modified]]-TECOMod[[#This Row],[324/326]])/TECOMod[[#This Row],[324/326]],\""N/A\"")"", ""IFERROR(INDEX(MOD[#Data],MATCH(N3,MOD[mod1],0),MATCH(\""360\"",MOD[#Headers],0)),\""\"")"", ""IFERROR((TECOMod[[#This Row],[364/365 Modified]]-TECOMod[[#This Row],[364/365]])/TECOMod[[#This Row],[364/365]],\""N/A\"")"", ""IFERROR(INDEX(MOD[#Data],MATCH(N3,MOD[mod1],0),MATCH(\""400\"",MOD[#Headers],0)),\""\"")"", ""IFERROR((TECOMod[[#This Row],[404/405 Modified]]-TECOMod[[#This Row],[404/405]])/TECOMod[[#This Row],[404/405]],\""N/A\"")"", ""IFERROR(INDEX(MOD[#Data],MATCH(N3,MOD[mod1],0),MATCH(\""440\"",MOD[#Headers],0)),\""\"")"", ""IFERROR((TECOMod[[#This Row],[444/445/447/448 Modified]]-TECOMod[[#This Row],[444/445/447/448]])/TECOMod[[#This Row],[444/445/447/448]],\""N/A\"")"", ""IFERROR(INDEX(MOD[#Data],MATCH(N4,MOD[mod1],0),MATCH(\""140\"",MOD[#Headers],0)),\""\"")"", ""IFERROR((TECOMod[[#This Row],[143/145 Modified]]-TECOMod[[#This Row],[143/145]])/TECOMod[[#This Row],[143/145 Modified]],\""N/A\"")""]",0,[],0,[],4
Price Estimator-Fybroc.xlsm,FYBROC,Rep,visible,23,xl/worksheets/sheet23.xml,A1:CD180,672,"[""IFERROR(IF(OR(A3=\""\"",B3=\""\""),\""\"",\nIF(ISNUMBER(SEARCH(\""INTL\"",G3)),TIME(HOUR(NOW()+IF(B3<0,-TIME(ABS(B3),0,0),TIME(B3,0,0))),MINUTE(NOW()),0),\nTIME(HOUR(NOW()+IF(B3<0,-TIME(ABS(B3),0,0),TIME(B3,0,0))),MINUTE(NOW()),0))),\""\"")"", ""LEFT(F3,FIND(\"" \"",F3)-1)"", ""IF(AND(D3=\""Distributor\"",OR(R3=\""\"",R3>=0.3)),\nIF(OR('Price Check'!$B$25=1500,'Price Check'!$B$25=1600,'Price Check'!$B$25=1530,'Price Check'!$B$25=1630,'Price Check'!$B$25=2530,'Price Check'!$B$25=2630,'Price Check'!$B$25=5500,'Price Check'!$B$25=5530,'Price Check'!$B$25=7500,'Price Check'!$B$25=7530),0.32,\nIF(OR('Price Check'!$B$25=3000,'Price Check'!$B$25=6000),0.21,\""C/F\"")),\""C/F\"")"", ""IF(D3=\""OEM\"",\""NO\"",\""YES\"")"", ""IFERROR(INDEX(CSR[],MATCH(J3,CSR[Territory],0),MATCH(\""CSR\"",CSR[#Headers],0)),\""\"")"", ""IF(CC3=Z3,\""X\"",\""Uh-oh\"")"", ""PROPER(\""AQUATIC EQUIPMENT AND DESIGN, INC\"")"", """", ""LEFT(F4,FIND(\"" \"",F4))"", ""IF(AND(D4=\""Distributor\"",OR(R4=\""\"",R4=0.3)),\nIF(OR('Price Check'!$B$25=1500,'Price Check'!$B$25=1600,'Price Check'!$B$25=1530,'Price Check'!$B$25=1630,'Price Check'!$B$25=2530,'Price Check'!$B$25=2630,'Price Check'!$B$25=5500,'Price Check'!$B$25=5530,'Price Check'!$B$25=7500,'Price Check'!$B$25=7530),0.32,\nIF(OR('Price Check'!$B$25=3000,'Price Check'!$B$25=6000),0.21,\""C/F\"")),\""C/F\"")"", ""IF(D4=\""OEM\"",\""NO\"",\""\"")"", ""IFERROR(INDEX(CSR[],MATCH(J4,CSR[Territory],0),MATCH(\""CSR\"",CSR[#Headers],0)),\""\"")"", ""IF(CC4=Z4,\""X\"",\""Uh-oh\"")"", """", ""LEFT(F5,FIND(\"" \"",F5)-1)"", ""IF(AND(D5=\""Distributor\"",OR(R5=\""\"",R5>=0.3)),\nIF(OR('Price Check'!$B$25=1500,'Price Check'!$B$25=1600,'Price Check'!$B$25=1530,'Price Check'!$B$25=1630,'Price Check'!$B$25=2530,'Price Check'!$B$25=2630,'Price Check'!$B$25=5500,'Price Check'!$B$25=5530,'Price Check'!$B$25=7500,'Price Check'!$B$25=7530),0.32,\nIF(OR('Price Check'!$B$25=3000,'Price Check'!$B$25=6000),0.21,\""C/F\"")),\""C/F\"")"", ""IF(D5=\""OEM\"",\""NO\"",\""YES\"")"", ""IFERROR(INDEX(CSR[],MATCH(J5,CSR[Territory],0),MATCH(\""CSR\"",CSR[#Headers],0)),\""\"")"", """", """"]",1,"[""A1:O1""]",0,[],3
Price Estimator-Fybroc.xlsm,FYBROC,Top Level,visible,24,xl/worksheets/sheet24.xml,B1:BJ25,133,"[""CONCATENATE(C3,\"" (\"",B3,\"")\"")"", ""CONCATENATE(K3,\"" (\"",J3,\"")\"")"", ""CONCATENATE(Q3,\"" (\"",P3,\"")\"")"", ""CONCATENATE(W3,\"" (\"",V3,\"")\"")"", ""CONCATENATE(AL3,\"" (\"",AK3,\"")\"")"", ""CONCATENATE(AQ3,\"" (\"",AP3,\"")\"")"", ""CONCATENATE(AV3,\"" (\"",AU3,\"")\"")"", ""CONCATENATE(BC3,\"" (\"",BB3,\"")\"")"", ""CONCATENATE(C4,\"" (\"",B4,\"")\"")"", ""CONCATENATE(K4,\"" (\"",J4,\"")\"")"", ""CONCATENATE(Q4,\"" (\"",P4,\"")\"")"", ""CONCATENATE(W4,\"" (\"",V4,\"")\"")"", ""CONCATENATE(AL4,\"" (\"",AK4,\"")\"")"", ""CONCATENATE(AQ4,\"" (\"",AP4,\"")\"")"", ""CONCATENATE(AV4,\"" (\"",AU4,\"")\"")"", ""CONCATENATE(BC4,\"" (\"",BB4,\"")\"")"", """", """", """", """"]",0,[],0,[],10
Price Estimator-Fybroc.xlsm,FYBROC,Pricebook,visible,25,xl/worksheets/sheet25.xml,A2:JK397,7829,"[""ROUND(F6*0.1+N6,0)"", ""O6-N6"", ""Tables!B95"", ""CONCATENATE(CI6,\"":\"",CJ6)"", ""ROUND($CF$33+(85-18/12*10)+(('Price Check'!B$37-18)/12*10),0)"", ""CONCATENATE(EC6,\"":\"",EE6)"", ""CONCATENATE(FA6,\"":\"",FB6)"", ""CONCATENATE(GR6,\"" (\"",GS6,\"" Stage):\"",GT6)"", ""INDEX(Table202[],MATCH($GR6&\"":\""&$GT6,Table202[ANSI Size : Setting Number],0),MATCH(GW$5,Table202[#Headers],0))"", ""INDEX(Table202[],MATCH($GR6&\"":\""&$GT6,Table202[ANSI Size : Setting Number],0),MATCH(GX$5,Table202[#Headers],0))"", ""INDEX(Table202[],MATCH($GR6&\"":\""&$GT6,Table202[ANSI Size : Setting Number],0),MATCH(GY$5,Table202[#Headers],0))"", ""INDEX(Table202[],MATCH($GR6&\"":\""&$GT6,Table202[ANSI Size : Setting Number],0),MATCH(GZ$5,Table202[#Headers],0))"", ""INDEX(Table202[],MATCH($GR6&\"":\""&$GT6,Table202[ANSI Size : Setting Number],0),MATCH(HA$5,Table202[#Headers],0))  +  ($GS6-1)*GW6"", ""INDEX(Table202[],MATCH($GR6&\"":\""&$GT6,Table202[ANSI Size : Setting Number],0),MATCH(HD$5,Table202[#Headers],0))  +  ($GS6-1)*GX6"", ""INDEX(Table202[],MATCH($GR6&\"":\""&$GT6,Table202[ANSI Size : Setting Number],0),MATCH(HG$5,Table202[#Headers],0))  +  ($GS6-1)*GY6"", ""INDEX(Table202[],MATCH($GR6&\"":\""&$GT6,Table202[ANSI Size : Setting Number],0),MATCH(HJ$5,Table202[#Headers],0))  +  ($GS6-1)*GZ6"", ""CONCATENATE(HQ6,\"":\"",HR6)"", ""ROUND(F7*0.1+N7,0)"", ""O7-N7"", ""Tables!B96""]",13,"[""FT3:GD3"", ""F4:H4"", ""CD3:CG3"", ""CE4:CG4"", ""BR3:BY3"", ""BS4:BY4"", ""FM3:FQ3"", ""EC3:EM3"", ""FA3:FK3"", ""DV3:DY3"", ""CI3:CS3"", ""CM4:CW4"", ""EG4:EQ4""]",0,[],21
Price Estimator-Fybroc.xlsm,FYBROC,Coupling,visible,26,xl/worksheets/sheet26.xml,A1:CB248,492,"[""IF(ISNUMBER(C61),ROUNDUP(C61*1.118,0),IF(OR(C61=\""*\"",C61=\""\""),\""*\"",\""\""))"", ""IF(ISNUMBER(D61),ROUNDUP(D61*1.118,0),IF(OR(D61=\""*\"",D61=\""\""),\""*\"",\""\""))"", """", """", """", ""IF(ISNUMBER(H61),ROUNDUP(H61*1.04,0),IF(OR(H61=\""*\"",H61=\""\""),\""*\"",\""\""))"", """", """", """", ""IF(ISNUMBER(F62),ROUNDUP(F62*1.118,0),IF(OR(F62=\""*\"",F62=\""\""),\""*\"",\""\""))"", ""IF(ISNUMBER(G62),ROUNDUP(G62*1.118,0),IF(OR(G62=\""*\"",G62=\""\""),\""*\"",\""\""))"", """", ""IF(ISNUMBER(C63),ROUNDUP(C63*1.118,0),IF(OR(C63=\""*\"",C63=\""\""),\""*\"",\""\""))"", ""IF(ISNUMBER(D63),ROUNDUP(D63*1.118,0),IF(OR(D63=\""*\"",D63=\""\""),\""*\"",\""\""))"", ""IF(ISNUMBER(E63),ROUNDUP(E63*1.118,0),IF(OR(E63=\""*\"",E63=\""\""),\""*\"",\""\""))"", ""IF(ISNUMBER(F63),ROUNDUP(F63*1.118,0),IF(OR(F63=\""*\"",F63=\""\""),\""*\"",\""\""))"", ""IF(ISNUMBER(G63),ROUNDUP(G63*1.04,0),IF(OR(G63=\""*\"",G63=\""\""),\""*\"",\""\""))"", ""IF(ISNUMBER(J63),ROUNDUP(J63*1.04,0),IF(OR(J63=\""*\"",J63=\""\""),\""*\"",\""\""))"", """", """"]",0,[],0,[],10
Price Estimator-Fybroc.xlsm,FYBROC,Adders,visible,27,xl/worksheets/sheet27.xml,A1:AG623,2097,"[""Tables!B403"", ""IF(AND('Price Check'!$B$54=\""Vertical\"",NOT(OR('Price Check'!$B$25=5530,'Price Check'!$B$25=7530))),0,IF(ISNUMBER(SEARCH(B2,'Price Check'!$B$34)),INDEX(Table100[],MATCH(B2,Adders!$B$2:$B$11,0),MATCH(CONCATENATE(\""Group-\"",'Price Check'!$B$27),Adders!$B$1:$E$1,0)),0))"", ""IF(ISNUMBER(C2),ROUND(C2*1.035,0),IF(C2=\""\"",\""\"",C2))"", ""IF(ISNUMBER(D2),ROUND(D2*1.035,0),IF(D2=\""\"",\""\"",D2))"", ""IF(ISNUMBER(E2),ROUND(E2*1.035,0),IF(E2=\""\"",\""\"",E2))"", ""IF(ISNUMBER(H2),ROUNDUP(H2*1.085,0),IF(H2=\""\"",\""\"",H2))"", """", """", ""Tables!B404"", ""IF('Price Check'!$B$54=\""Vertical\"",H3,V3)"", ""IF('Price Check'!$B$54=\""Vertical\"",I3,W3)"", ""IF('Price Check'!$B$54=\""Vertical\"",J3,X3)"", ""IF(AND('Price Check'!$B$25=5500,ISNUMBER(SEARCH(B3,'Price Check'!$B$34)),NOT(ISNUMBER(SEARCH(\""wrap\"",'Price Check'!B29)))),IF(ISNUMBER(SEARCH(LEFT(B3,3),'Price Check'!B29)),0,INDEX(Table100[],MATCH(B3,Adders!$B$2:$B$11,0),MATCH(CONCATENATE(\""Group-\"",'Price Check'!$B$27),Adders!$B$1:$E$1,0))),\nIF(AND('Price Check'!$B$54=\""Vertical\"",NOT('Price Check'!$B$25=5530)),0,\nIF(ISNUMBER(SEARCH(B3,'Price Check'!$B$34)),INDEX(Table100[],MATCH(B3,Adders!$B$2:$B$11,0),MATCH(CONCATENATE(\""Group-\"",'Price Check'!$B$27),Adders!$B$1:$E$1,0)),0)))"", ""IF(ISNUMBER(H3),ROUND(H3*1.118,0),IF(H3=\""\"",\""\"",H3))"", ""IF(ISNUMBER(I3),ROUND(I3*1.118,0),IF(I3=\""\"",\""\"",I3))"", """", """", ""IF(ISNUMBER(V3),ROUND(V3*1.118,0),IF(V3=\""\"",\""\"",V3))"", ""IF(ISNUMBER(W3),ROUND(W3*1.118,0),IF(W3=\""\"",\""\"",W3))"", ""IF(ISNUMBER(X3),ROUND(X3*1.118,0),IF(X3=\""\"",\""\"",X3))""]",10,"[""J58:J63"", ""F67:F72"", ""H92:H98"", ""F101:F104"", ""D107:D112"", ""D116:D118"", ""E107:E112"", ""E116:E118"", ""E122:E125"", ""D122:D125""]",0,[],27
Price Estimator-Fybroc.xlsm,FYBROC,ACC,hidden,28,xl/worksheets/sheet28.xml,B3:L31,24,"[""Adders!B28"", ""IF(ISNUMBER(SEARCH(C$21,'Price Check'!B92)),CONCATENATE(D$21,\"", \""),IF(ISNUMBER(SEARCH(C$22,'Price Check'!B92)),CONCATENATE(D$22,\"", \""),IF(ISNUMBER(SEARCH(C$23,'Price Check'!B92)),CONCATENATE(D$23,\"", \""),IF(ISNUMBER(SEARCH(C$24,'Price Check'!B92)),CONCATENATE(D$24,\"", \""),IF(ISNUMBER(SEARCH(C$25,'Price Check'!B92)),CONCATENATE(D$25,\"", \""),IF(ISNUMBER(SEARCH(C$26,'Price Check'!B92)),CONCATENATE(D$26,\"", \""),IF(ISNUMBER(SEARCH(C$27,'Price Check'!B92)),CONCATENATE(D$27,\"", \""),IF(ISNUMBER(SEARCH(C$28,'Price Check'!B92)),CONCATENATE(D$28,\"", \""),\""\""))))))))"", ""Adders!C28"", ""Adders!B29"", ""IF(ISNUMBER(SEARCH(C$21,'Price Check'!B93)),CONCATENATE(D$21,\"", \""),IF(ISNUMBER(SEARCH(C$22,'Price Check'!B93)),CONCATENATE(D$22,\"", \""),IF(ISNUMBER(SEARCH(C$23,'Price Check'!B93)),CONCATENATE(D$23,\"", \""),IF(ISNUMBER(SEARCH(C$24,'Price Check'!B93)),CONCATENATE(D$24,\"", \""),IF(ISNUMBER(SEARCH(C$25,'Price Check'!B93)),CONCATENATE(D$25,\"", \""),IF(ISNUMBER(SEARCH(C$26,'Price Check'!B93)),CONCATENATE(D$26,\"", \""),IF(ISNUMBER(SEARCH(C$27,'Price Check'!B93)),CONCATENATE(D$27,\"", \""),IF(ISNUMBER(SEARCH(C$28,'Price Check'!B93)),CONCATENATE(D$28,\"", \""),\""\""))))))))"", ""ROUND(L22/1.15,0)"", ""8*K22"", ""Adders!B45"", ""IF(ISNUMBER(SEARCH(C$21,'Price Check'!B94)),CONCATENATE(D$21,\"", \""),IF(ISNUMBER(SEARCH(C$22,'Price Check'!B94)),CONCATENATE(D$22,\"", \""),IF(ISNUMBER(SEARCH(C$23,'Price Check'!B94)),CONCATENATE(D$23,\"", \""),IF(ISNUMBER(SEARCH(C$24,'Price Check'!B94)),CONCATENATE(D$24,\"", \""),IF(ISNUMBER(SEARCH(C$25,'Price Check'!B94)),CONCATENATE(D$25,\"", \""),IF(ISNUMBER(SEARCH(C$26,'Price Check'!B94)),CONCATENATE(D$26,\"", \""),IF(ISNUMBER(SEARCH(C$27,'Price Check'!B94)),CONCATENATE(D$27,\"", \""),IF(ISNUMBER(SEARCH(C$28,'Price Check'!B94)),CONCATENATE(D$28,\"", \""),\""\""))))))))"", ""ROUND(L23/1.15,0)"", ""8*K23"", ""Adders!B46"", ""IF(ISNUMBER(SEARCH(C$21,'Price Check'!B95)),CONCATENATE(D$21,\"", \""),IF(ISNUMBER(SEARCH(C$22,'Price Check'!B95)),CONCATENATE(D$22,\"", \""),IF(ISNUMBER(SEARCH(C$23,'Price Check'!B95)),CONCATENATE(D$23,\"", \""),IF(ISNUMBER(SEARCH(C$24,'Price Check'!B95)),CONCATENATE(D$24,\"", \""),IF(ISNUMBER(SEARCH(C$25,'Price Check'!B95)),CONCATENATE(D$25,\"", \""),IF(ISNUMBER(SEARCH(C$26,'Price Check'!B95)),CONCATENATE(D$26,\"", \""),IF(ISNUMBER(SEARCH(C$27,'Price Check'!B95)),CONCATENATE(D$27,\"", \""),IF(ISNUMBER(SEARCH(C$28,'Price Check'!B95)),CONCATENATE(D$28,\"", \""),\""\""))))))))"", ""Adders!B47"", ""IF(ISNUMBER(SEARCH(C$21,'Price Check'!B96)),CONCATENATE(D$21,\"", \""),IF(ISNUMBER(SEARCH(C$22,'Price Check'!B96)),CONCATENATE(D$22,\"", \""),IF(ISNUMBER(SEARCH(C$23,'Price Check'!B96)),CONCATENATE(D$23,\"", \""),IF(ISNUMBER(SEARCH(C$24,'Price Check'!B96)),CONCATENATE(D$24,\"", \""),IF(ISNUMBER(SEARCH(C$25,'Price Check'!B96)),CONCATENATE(D$25,\"", \""),IF(ISNUMBER(SEARCH(C$26,'Price Check'!B96)),CONCATENATE(D$26,\"", \""),IF(ISNUMBER(SEARCH(C$27,'Price Check'!B96)),CONCATENATE(D$27,\"", \""),IF(ISNUMBER(SEARCH(C$28,'Price Check'!B96)),CONCATENATE(D$28,\"", \""),\""\""))))))))"", ""Adders!B48"", ""IF(ISNUMBER(SEARCH(C$21,'Price Check'!B97)),CONCATENATE(D$21,\"", \""),IF(ISNUMBER(SEARCH(C$22,'Price Check'!B97)),CONCATENATE(D$22,\"", \""),IF(ISNUMBER(SEARCH(C$23,'Price Check'!B97)),CONCATENATE(D$23,\"", \""),IF(ISNUMBER(SEARCH(C$24,'Price Check'!B97)),CONCATENATE(D$24,\"", \""),IF(ISNUMBER(SEARCH(C$25,'Price Check'!B97)),CONCATENATE(D$25,\"", \""),IF(ISNUMBER(SEARCH(C$26,'Price Check'!B97)),CONCATENATE(D$26,\"", \""),IF(ISNUMBER(SEARCH(C$27,'Price Check'!B97)),CONCATENATE(D$27,\"", \""),IF(ISNUMBER(SEARCH(C$28,'Price Check'!B97)),CONCATENATE(D$28,\"", \""),\""\""))))))))"", ""Adders!B49"", ""IF(ISNUMBER(SEARCH(C$21,'Price Check'!B98)),CONCATENATE(D$21,\"", \""),IF(ISNUMBER(SEARCH(C$22,'Price Check'!B98)),CONCATENATE(D$22,\"", \""),IF(ISNUMBER(SEARCH(C$23,'Price Check'!B98)),CONCATENATE(D$23,\"", \""),IF(ISNUMBER(SEARCH(C$24,'Price Check'!B98)),CONCATENATE(D$24,\"", \""),IF(ISNUMBER(SEARCH(C$25,'Price Check'!B98)),CONCATENATE(D$25,\"", \""),IF(ISNUMBER(SEARCH(C$26,'Price Check'!B98)),CONCATENATE(D$26,\"", \""),IF(ISNUMBER(SEARCH(C$27,'Price Check'!B98)),CONCATENATE(D$27,\"", \""),IF(ISNUMBER(SEARCH(C$28,'Price Check'!B98)),CONCATENATE(D$28,\"", \""),\""\""))))))))"", ""IF(AND(OR('Price Check'!B25=1500,'Price Check'!B25=1600),OR('Price Check'!B62=\""Yes\"",ISNUMBER(MATCH(\""C-Face Adapter\"",'Price Check'!B92:'Price Check'!B101,0)))),\nIFERROR(SUBSTITUTE(INDEX(Table155[],MATCH(CONCATENATE(LEFT('Price Check'!B26,FIND(\"" \"",'Price Check'!B26)-1),\""-\"",'Price Check'!B25),Adders!B137:B196,0),IF(VALUE(LEFT('Price Check'!B46,3))<=215,2,IF(AND(VALUE(LEFT('Price Check'!B46,3))>215,VALUE(LEFT('Price Check'!B46,3))<=256),3,IF(AND(VALUE(LEFT('Price Check'!B46,3))>256,VALUE(LEFT('Price Check'!B46,3))<=365),4,0)))),\n\""AA\"",IF(ISNUMBER(SEARCH(\""316SS Bearing Frame\"",'Price Check'!B34)),\""CA\"",\""AA\"")),\n\""Frame Size?\""),\""N/A\"")""]",0,[],0,[],2
Price Estimator-Fybroc.xlsm,FYBROC,Vert. Spares,hidden,29,xl/worksheets/sheet29.xml,B2:BV90,618,"[""IF('Price Check'!B25=1550,1550,5500)"", ""B5&\"" - \""&C5"", ""ROUNDUP(E5*1.1,0)"", ""IF('Price Check'!B25=1550,1550,5500)"", ""B6&\"" - \""&C6"", """", ""IF('Price Check'!B25=1550,1550,5500)"", """", """", ""IF('Price Check'!B25=1550,1550,5500)"", """", """", ""IF('Price Check'!B25=1550,1550,5500)"", """", """", ""IF('Price Check'!B25=1550,1550,5500)"", """", """", ""IF('Price Check'!B25=1550,1550,5500)"", """"]",5,"[""AY2:BP2"", ""AY3:BD3"", ""BE3:BF3"", ""BG3:BP3"", ""BQ3:BV3""]",0,[],1
Price Estimator-Fybroc.xlsm,FYBROC,CC-Old,visible,30,xl/worksheets/sheet30.xml,A1:AJ677,85,"[""IF(INDEX(Table134[],MATCH('Price Check'!$B$69,Table134[Chemical Environment],0)+Z4,1)='Price Check'!$B$69,INDEX(Table134[],MATCH('Price Check'!$B$69,Table134[Chemical Environment],0)+Z4,MATCH(\""% Conc\"",Table134[#Headers],0)),\""--\"")"", ""IF(INDEX(Table134[],MATCH('Price Check'!$G$116,Table134[Chemical Environment],0)+AC4,1)='Price Check'!$G$116,INDEX(Table134[],MATCH('Price Check'!$G$116,Table134[Chemical Environment],0)+AC4,MATCH(\""% Conc\"",Table134[#Headers],0)),\""--\"")"", ""IF(INDEX(Table134[],MATCH('Price Check'!$G$122,Table134[Chemical Environment],0)+AE4,1)='Price Check'!$G$122,INDEX(Table134[],MATCH('Price Check'!$G$122,Table134[Chemical Environment],0)+AE4,MATCH(\""% Conc\"",Table134[#Headers],0)),\""--\"")"", ""IF(INDEX(Table134[],MATCH('Price Check'!$G$128,Table134[Chemical Environment],0)+AG4,1)='Price Check'!$G$128,INDEX(Table134[],MATCH('Price Check'!$G$128,Table134[Chemical Environment],0)+AG4,MATCH(\""% Conc\"",Table134[#Headers],0)),\""--\"")"", ""IF(INDEX(Table134[],MATCH('Price Check'!$G$134,Table134[Chemical Environment],0)+AI4,1)='Price Check'!$G$134,INDEX(Table134[],MATCH('Price Check'!$G$134,Table134[Chemical Environment],0)+AI4,MATCH(\""% Conc\"",Table134[#Headers],0)),\""--\"")"", ""IF(INDEX(Table134[],MATCH('Price Check'!$B$69,Table134[Chemical Environment],0)+Z5,1)='Price Check'!$B$69,INDEX(Table134[],MATCH('Price Check'!$B$69,Table134[Chemical Environment],0)+Z5,MATCH(\""% Conc\"",Table134[#Headers],0)),\""--\"")"", ""IF(INDEX(Table134[],MATCH('Price Check'!$G$116,Table134[Chemical Environment],0)+AC5,1)='Price Check'!$G$116,INDEX(Table134[],MATCH('Price Check'!$G$116,Table134[Chemical Environment],0)+AC5,MATCH(\""% Conc\"",Table134[#Headers],0)),\""--\"")"", ""IF(INDEX(Table134[],MATCH('Price Check'!$G$122,Table134[Chemical Environment],0)+AE5,1)='Price Check'!$G$122,INDEX(Table134[],MATCH('Price Check'!$G$122,Table134[Chemical Environment],0)+AE5,MATCH(\""% Conc\"",Table134[#Headers],0)),\""--\"")"", ""IF(INDEX(Table134[],MATCH('Price Check'!$G$128,Table134[Chemical Environment],0)+AG5,1)='Price Check'!$G$128,INDEX(Table134[],MATCH('Price Check'!$G$128,Table134[Chemical Environment],0)+AG5,MATCH(\""% Conc\"",Table134[#Headers],0)),\""--\"")"", ""IF(INDEX(Table134[],MATCH('Price Check'!$G$134,Table134[Chemical Environment],0)+AI5,1)='Price Check'!$G$134,INDEX(Table134[],MATCH('Price Check'!$G$134,Table134[Chemical Environment],0)+AI5,MATCH(\""% Conc\"",Table134[#Headers],0)),\""--\"")"", ""IF(INDEX(Table134[],MATCH('Price Check'!$B$69,Table134[Chemical Environment],0)+Z6,1)='Price Check'!$B$69,INDEX(Table134[],MATCH('Price Check'!$B$69,Table134[Chemical Environment],0)+Z6,MATCH(\""% Conc\"",Table134[#Headers],0)),\""--\"")"", ""IF(INDEX(Table134[],MATCH('Price Check'!$G$116,Table134[Chemical Environment],0)+AC6,1)='Price Check'!$G$116,INDEX(Table134[],MATCH('Price Check'!$G$116,Table134[Chemical Environment],0)+AC6,MATCH(\""% Conc\"",Table134[#Headers],0)),\""--\"")"", ""IF(INDEX(Table134[],MATCH('Price Check'!$G$122,Table134[Chemical Environment],0)+AE6,1)='Price Check'!$G$122,INDEX(Table134[],MATCH('Price Check'!$G$122,Table134[Chemical Environment],0)+AE6,MATCH(\""% Conc\"",Table134[#Headers],0)),\""--\"")"", ""IF(INDEX(Table134[],MATCH('Price Check'!$G$128,Table134[Chemical Environment],0)+AG6,1)='Price Check'!$G$128,INDEX(Table134[],MATCH('Price Check'!$G$128,Table134[Chemical Environment],0)+AG6,MATCH(\""% Conc\"",Table134[#Headers],0)),\""--\"")"", ""IF(INDEX(Table134[],MATCH('Price Check'!$G$134,Table134[Chemical Environment],0)+AI6,1)='Price Check'!$G$134,INDEX(Table134[],MATCH('Price Check'!$G$134,Table134[Chemical Environment],0)+AI6,MATCH(\""% Conc\"",Table134[#Headers],0)),\""--\"")"", ""IF(INDEX(Table134[],MATCH('Price Check'!$B$69,Table134[Chemical Environment],0)+Z7,1)='Price Check'!$B$69,INDEX(Table134[],MATCH('Price Check'!$B$69,Table134[Chemical Environment],0)+Z7,MATCH(\""% Conc\"",Table134[#Headers],0)),\""--\"")"", ""IF(INDEX(Table134[],MATCH('Price Check'!$G$116,Table134[Chemical Environment],0)+AC7,1)='Price Check'!$G$116,INDEX(Table134[],MATCH('Price Check'!$G$116,Table134[Chemical Environment],0)+AC7,MATCH(\""% Conc\"",Table134[#Headers],0)),\""--\"")"", ""IF(INDEX(Table134[],MATCH('Price Check'!$G$122,Table134[Chemical Environment],0)+AE7,1)='Price Check'!$G$122,INDEX(Table134[],MATCH('Price Check'!$G$122,Table134[Chemical Environment],0)+AE7,MATCH(\""% Conc\"",Table134[#Headers],0)),\""--\"")"", ""IF(INDEX(Table134[],MATCH('Price Check'!$G$128,Table134[Chemical Environment],0)+AG7,1)='Price Check'!$G$128,INDEX(Table134[],MATCH('Price Check'!$G$128,Table134[Chemical Environment],0)+AG7,MATCH(\""% Conc\"",Table134[#Headers],0)),\""--\"")"", ""IF(INDEX(Table134[],MATCH('Price Check'!$G$134,Table134[Chemical Environment],0)+AI7,1)='Price Check'!$G$134,INDEX(Table134[],MATCH('Price Check'!$G$134,Table134[Chemical Environment],0)+AI7,MATCH(\""% Conc\"",Table134[#Headers],0)),\""--\"")""]",9,"[""A1:F1"", ""G1:P1"", ""Q1:T1"", ""Q2:T2"", ""D2:F2"", ""G2:H2"", ""I2:J2"", ""K2:M2"", ""N2:P2""]",0,[],7
Price Estimator-Fybroc.xlsm,FYBROC,CC-New,visible,31,xl/worksheets/sheet31.xml,A1:AM1428,85,"[""IF(INDEX(Table140[],MATCH('Price Check'!$B$69,Table140[Chemical Environment],0)+AC5,1)='Price Check'!$B$69,INDEX(Table140[],MATCH('Price Check'!$B$69,Table140[Chemical Environment],0)+AC5,MATCH(\""% Conc\"",Table140[#Headers],0)),\""--\"")"", ""IF(INDEX(Table140[],MATCH('Price Check'!$G$116,Table140[Chemical Environment],0)+AF5,1)='Price Check'!$G$116,INDEX(Table140[],MATCH('Price Check'!$G$116,Table140[Chemical Environment],0)+AF5,MATCH(\""% Conc\"",Table140[#Headers],0)),\""--\"")"", ""IF(INDEX(Table140[],MATCH('Price Check'!$G$122,Table140[Chemical Environment],0)+AH5,1)='Price Check'!$G$122,INDEX(Table140[],MATCH('Price Check'!$G$122,Table140[Chemical Environment],0)+AH5,MATCH(\""% Conc\"",Table140[#Headers],0)),\""--\"")"", ""IF(INDEX(Table140[],MATCH('Price Check'!$G$128,Table140[Chemical Environment],0)+AJ5,1)='Price Check'!$G$128,INDEX(Table140[],MATCH('Price Check'!$G$128,Table140[Chemical Environment],0)+AJ5,MATCH(\""% Conc\"",Table140[#Headers],0)),\""--\"")"", ""IF(INDEX(Table140[],MATCH('Price Check'!$G$134,Table140[Chemical Environment],0)+AL5,1)='Price Check'!$G$134,INDEX(Table140[],MATCH('Price Check'!$G$134,Table140[Chemical Environment],0)+AL5,MATCH(\""% Conc\"",Table140[#Headers],0)),\""--\"")"", ""IF(INDEX(Table140[],MATCH('Price Check'!$B$69,Table140[Chemical Environment],0)+AC6,1)='Price Check'!$B$69,INDEX(Table140[],MATCH('Price Check'!$B$69,Table140[Chemical Environment],0)+AC6,MATCH(\""% Conc\"",Table140[#Headers],0)),\""--\"")"", ""IF(INDEX(Table140[],MATCH('Price Check'!$G$116,Table140[Chemical Environment],0)+AF6,1)='Price Check'!$G$116,INDEX(Table140[],MATCH('Price Check'!$G$116,Table140[Chemical Environment],0)+AF6,MATCH(\""% Conc\"",Table140[#Headers],0)),\""--\"")"", ""IF(INDEX(Table140[],MATCH('Price Check'!$G$122,Table140[Chemical Environment],0)+AH6,1)='Price Check'!$G$122,INDEX(Table140[],MATCH('Price Check'!$G$122,Table140[Chemical Environment],0)+AH6,MATCH(\""% Conc\"",Table140[#Headers],0)),\""--\"")"", ""IF(INDEX(Table140[],MATCH('Price Check'!$G$128,Table140[Chemical Environment],0)+AJ6,1)='Price Check'!$G$128,INDEX(Table140[],MATCH('Price Check'!$G$128,Table140[Chemical Environment],0)+AJ6,MATCH(\""% Conc\"",Table140[#Headers],0)),\""--\"")"", ""IF(INDEX(Table140[],MATCH('Price Check'!$G$134,Table140[Chemical Environment],0)+AL6,1)='Price Check'!$G$134,INDEX(Table140[],MATCH('Price Check'!$G$134,Table140[Chemical Environment],0)+AL6,MATCH(\""% Conc\"",Table140[#Headers],0)),\""--\"")"", ""IF(INDEX(Table140[],MATCH('Price Check'!$B$69,Table140[Chemical Environment],0)+AC7,1)='Price Check'!$B$69,INDEX(Table140[],MATCH('Price Check'!$B$69,Table140[Chemical Environment],0)+AC7,MATCH(\""% Conc\"",Table140[#Headers],0)),\""--\"")"", ""IF(INDEX(Table140[],MATCH('Price Check'!$G$116,Table140[Chemical Environment],0)+AF7,1)='Price Check'!$G$116,INDEX(Table140[],MATCH('Price Check'!$G$116,Table140[Chemical Environment],0)+AF7,MATCH(\""% Conc\"",Table140[#Headers],0)),\""--\"")"", ""IF(INDEX(Table140[],MATCH('Price Check'!$G$122,Table140[Chemical Environment],0)+AH7,1)='Price Check'!$G$122,INDEX(Table140[],MATCH('Price Check'!$G$122,Table140[Chemical Environment],0)+AH7,MATCH(\""% Conc\"",Table140[#Headers],0)),\""--\"")"", ""IF(INDEX(Table140[],MATCH('Price Check'!$G$128,Table140[Chemical Environment],0)+AJ7,1)='Price Check'!$G$128,INDEX(Table140[],MATCH('Price Check'!$G$128,Table140[Chemical Environment],0)+AJ7,MATCH(\""% Conc\"",Table140[#Headers],0)),\""--\"")"", ""IF(INDEX(Table140[],MATCH('Price Check'!$G$134,Table140[Chemical Environment],0)+AL7,1)='Price Check'!$G$134,INDEX(Table140[],MATCH('Price Check'!$G$134,Table140[Chemical Environment],0)+AL7,MATCH(\""% Conc\"",Table140[#Headers],0)),\""--\"")"", ""IF(INDEX(Table140[],MATCH('Price Check'!$B$69,Table140[Chemical Environment],0)+AC8,1)='Price Check'!$B$69,INDEX(Table140[],MATCH('Price Check'!$B$69,Table140[Chemical Environment],0)+AC8,MATCH(\""% Conc\"",Table140[#Headers],0)),\""--\"")"", ""IF(INDEX(Table140[],MATCH('Price Check'!$G$116,Table140[Chemical Environment],0)+AF8,1)='Price Check'!$G$116,INDEX(Table140[],MATCH('Price Check'!$G$116,Table140[Chemical Environment],0)+AF8,MATCH(\""% Conc\"",Table140[#Headers],0)),\""--\"")"", ""IF(INDEX(Table140[],MATCH('Price Check'!$G$122,Table140[Chemical Environment],0)+AH8,1)='Price Check'!$G$122,INDEX(Table140[],MATCH('Price Check'!$G$122,Table140[Chemical Environment],0)+AH8,MATCH(\""% Conc\"",Table140[#Headers],0)),\""--\"")"", ""IF(INDEX(Table140[],MATCH('Price Check'!$G$128,Table140[Chemical Environment],0)+AJ8,1)='Price Check'!$G$128,INDEX(Table140[],MATCH('Price Check'!$G$128,Table140[Chemical Environment],0)+AJ8,MATCH(\""% Conc\"",Table140[#Headers],0)),\""--\"")"", ""IF(INDEX(Table140[],MATCH('Price Check'!$G$134,Table140[Chemical Environment],0)+AL8,1)='Price Check'!$G$134,INDEX(Table140[],MATCH('Price Check'!$G$134,Table140[Chemical Environment],0)+AL8,MATCH(\""% Conc\"",Table140[#Headers],0)),\""--\"")""]",6,"[""U2:X3"", ""A1:T1"", ""D2:H3"", ""M2:P3"", ""Q2:T3"", ""A2:A3""]",0,[],7
Price Estimator-Fybroc.xlsm,FYBROC,NewRules 5-2-23,visible,32,xl/worksheets/sheet32.xml,A1:BD52,50,"[""UPPER(IF(AQ13=\""\"",$B$13&$E$13&$I$13&$L$13&$Q$13&$U$13&$X$13&$AA$13&$AE$13&$AH$13&$AK$13,$B$13&$E$13&$I$13&$L$13&$Q$13&$U$13&$X$13&$AA$13&$AE$13&$AH$13&$AK$13&AO13&AQ13&AS13&AU13&AW13&AY13))"", ""TRIM(LEFT(IF($AQ$14=\""\"",$B$14&\"", \""&$E$14&\"", \""&$I$14&\"", \""&$L$14&\""/\""&$Q$14&\""/\""&$U$14&$X$14&\""/\""&$AA$14&\""/\""&$AE$14&\""/\""&$AH$14&\""/\""&$AK$14,$B$14&\"", \""&$E$14&\"", \""&$I$14&\"", \""&$L$14&\""/\""&$Q$14&\""/\""&$U$14&$X$14&\""/\""&$AA$14&\""/\""&$AE$14&\""/\""&$AH$14&\""/\""&$AK$14&AO14&AQ14&AS14&AU14&AW14&AY14),60))"", ""IF($AQ$14=\""\"",$B$14&\"", \""&$E$14&\"", \""&$I$14&\"", \""&$L$14&\""/\""&$Q$14&\""/\""&$U$14&$X$14&\""/\""&$AA$14&\""/\""&$AE$14&\""/\""&$AH$14&\""/\""&$AK$14,$B$14&\"", \""&$E$14&\"", \""&$I$14&\"", \""&$L$14&\""/\""&$Q$14&\""/\""&$U$14&$X$14&\""/\""&$AA$14&\""/\""&$AE$14&\""/\""&$AH$14&\""/\""&$AK$14&AO14&AQ15&AS15&AU15&AW15&AY15)"", ""VLOOKUP($AK$13,$AK$19:$AM$28,3,FALSE)"", ""VLOOKUP(B13,$B$19:$C$20,2,FALSE)"", ""VLOOKUP(E13,$E$19:$F$21,2,FALSE)"", ""VLOOKUP(I13,$I$19:$J$31,2,FALSE)"", ""VLOOKUP(L13,$L$19:$N$42,IF($E$13=\""n\"",2,3),FALSE)"", ""VLOOKUP(Q13&\""-\""&$X$14,$P$19:$S$43,3,FALSE)"", ""VLOOKUP(U13,$U$19:$V$49,2,FALSE)"", ""VLOOKUP(X13,$X$19:$Y$25,2,FALSE)"", ""VLOOKUP(AA13,$AA$19:$AC$44,IF($E$13=\""n\"",2,3),FALSE)"", ""VLOOKUP(AE13,$AE$19:$AF$26,2,FALSE)"", ""VLOOKUP(AH13,$AH$19:$AI$22,2,FALSE)"", ""VLOOKUP(AK13,$AK$19:$AM$28,2,FALSE)"", ""$AO$13"", ""IF(AQ13=\""\"",\""\"",VLOOKUP(AQ13,$AQ$19:$AR$52,2,FALSE))"", ""IF(AS13=\""\"",\""\"",VLOOKUP(AS13,$AQ$19:$AR$52,2,FALSE))"", ""IF(AU13=\""\"",\""\"",VLOOKUP(AU13,$AQ$19:$AR$52,2,FALSE))"", ""IF(AW13=\""\"",\""\"",VLOOKUP(AW13,$AQ$19:$AR$52,2,FALSE))""]",39,"[""AT50:AY50"", ""AT51:AY51"", ""AT52:AY52"", ""AT44:AY44"", ""AT45:AY45"", ""AT46:AY46"", ""AT47:AY47"", ""AT48:AY48"", ""AT49:AY49"", ""AT43:AY43"", ""AT32:AY32"", ""AT33:AY33"", ""AT34:AY34"", ""AT35:AY35"", ""AT36:AY36"", ""AT37:AY37"", ""AT38:AY38"", ""AT39:AY39"", ""AT40:AY40"", ""AT41:AY41""]",0,[],0
Price Estimator-Fybroc.xlsm,FYBROC,Batch_Descriptions,visible,33,xl/worksheets/sheet33.xml,E5:AV61,2202,"[""'M-Req'!A35"", ""LEFT(E7,1)"", ""RIGHT(LEFT($E7,2),1)"", ""RIGHT(LEFT($E7,3),1)"", ""RIGHT(LEFT($E7,6),3)"", ""RIGHT(LEFT($E7,7),1)"", ""RIGHT(LEFT($E7,9),2)"", ""RIGHT(LEFT($E7,10),1)"", ""RIGHT(LEFT($E7,11),1)"", ""RIGHT(LEFT($E7,12),1)"", ""RIGHT(LEFT($E7,13),1)"", ""RIGHT(LEFT($E7,14),1)"", ""IF(LEN($E7)>14,\""-\"",\""\"")"", ""IF(LEN($E7)>14,RIGHT(LEFT($E7,16),1),\""\"")"", ""IF(LEN($E7)>16,RIGHT(LEFT($E7,17),1),\""\"")"", ""IF(LEN($E7)>17,RIGHT(LEFT($E7,18),1),\""\"")"", ""IF(LEN($E7)>18,RIGHT(LEFT($E7,19),1),\""\"")"", ""IF(LEN($E7)>19,RIGHT(LEFT($E7,20),1),\""\"")"", ""VLOOKUP(F7,'NewRules 5-2-23'!$B$19:$C$20,2,FALSE)"", ""VLOOKUP(G7,'NewRules 5-2-23'!$E$19:$F$21,2,FALSE)""]",0,[],0,[],0
Price Estimator-Fybroc.xlsm,FYBROC,Sheet1,hidden,34,xl/worksheets/sheet34.xml,C2,0,[],0,[],0,[],0
